domain,model,origin,target_timestamp,horizon,y_true,y_pred
load,lightgbm,2014-03-05T00:00:00,2014-03-06T00:00:00,1,18672713.637137,18724411.993359484
load,persistence,2014-03-05T00:00:00,2014-03-06T00:00:00,1,18672713.637137,18538328.655769
load,seasonal_persistence,2014-03-05T00:00:00,2014-03-06T00:00:00,1,18672713.637137,18477545.796032
load,lightgbm,2014-03-06T00:00:00,2014-03-07T00:00:00,1,18631182.780589,18804983.442663714
load,persistence,2014-03-06T00:00:00,2014-03-07T00:00:00,1,18631182.780589,18672713.637137
load,seasonal_persistence,2014-03-06T00:00:00,2014-03-07T00:00:00,1,18631182.780589,18478048.309823
load,lightgbm,2014-03-07T00:00:00,2014-03-08T00:00:00,1,18326086.571198,18341522.714059614
load,persistence,2014-03-07T00:00:00,2014-03-08T00:00:00,1,18326086.571198,18631182.780589
load,seasonal_persistence,2014-03-07T00:00:00,2014-03-08T00:00:00,1,18326086.571198,18074094.652598
load,lightgbm,2014-03-08T00:00:00,2014-03-09T00:00:00,1,17763715.321386,17942373.765806813
load,persistence,2014-03-08T00:00:00,2014-03-09T00:00:00,1,17763715.321386,18326086.571198
load,seasonal_persistence,2014-03-08T00:00:00,2014-03-09T00:00:00,1,17763715.321386,18063442.229047
load,lightgbm,2014-03-09T00:00:00,2014-03-10T00:00:00,1,18257481.080909,18211670.284908433
load,persistence,2014-03-09T00:00:00,2014-03-10T00:00:00,1,18257481.080909,17763715.321386
load,seasonal_persistence,2014-03-09T00:00:00,2014-03-10T00:00:00,1,18257481.080909,18045112.380278
load,lightgbm,2014-03-10T00:00:00,2014-03-11T00:00:00,1,18520918.806905,18653162.122867037
load,persistence,2014-03-10T00:00:00,2014-03-11T00:00:00,1,18520918.806905,18257481.080909
load,seasonal_persistence,2014-03-10T00:00:00,2014-03-11T00:00:00,1,18520918.806905,18099551.313051
load,lightgbm,2014-03-11T00:00:00,2014-03-12T00:00:00,1,18497989.582342,18654513.67123695
load,persistence,2014-03-11T00:00:00,2014-03-12T00:00:00,1,18497989.582342,18520918.806905
load,seasonal_persistence,2014-03-11T00:00:00,2014-03-12T00:00:00,1,18497989.582342,18538328.655769
load,lightgbm,2014-03-12T00:00:00,2014-03-13T00:00:00,1,18425786.609791,18449222.265261386
load,persistence,2014-03-12T00:00:00,2014-03-13T00:00:00,1,18425786.609791,18497989.582342
load,seasonal_persistence,2014-03-12T00:00:00,2014-03-13T00:00:00,1,18425786.609791,18672713.637137
load,lightgbm,2014-03-13T00:00:00,2014-03-14T00:00:00,1,18712176.818368,18302923.05952708
load,persistence,2014-03-13T00:00:00,2014-03-14T00:00:00,1,18712176.818368,18425786.609791
load,seasonal_persistence,2014-03-13T00:00:00,2014-03-14T00:00:00,1,18712176.818368,18631182.780589
load,lightgbm,2014-03-14T00:00:00,2014-03-15T00:00:00,1,19049380.074094,18431519.809588797
load,persistence,2014-03-14T00:00:00,2014-03-15T00:00:00,1,19049380.074094,18712176.818368
load,seasonal_persistence,2014-03-14T00:00:00,2014-03-15T00:00:00,1,19049380.074094,18326086.571198
load,lightgbm,2014-03-15T00:00:00,2014-03-16T00:00:00,1,18499355.176525,18400570.034370832
load,persistence,2014-03-15T00:00:00,2014-03-16T00:00:00,1,18499355.176525,19049380.074094
load,seasonal_persistence,2014-03-15T00:00:00,2014-03-16T00:00:00,1,18499355.176525,17763715.321386
load,lightgbm,2014-03-16T00:00:00,2014-03-17T00:00:00,1,18468669.449358,18362246.716142118
load,persistence,2014-03-16T00:00:00,2014-03-17T00:00:00,1,18468669.449358,18499355.176525
load,seasonal_persistence,2014-03-16T00:00:00,2014-03-17T00:00:00,1,18468669.449358,18257481.080909
load,lightgbm,2014-03-17T00:00:00,2014-03-18T00:00:00,1,18537005.298013,18684514.37509147
load,persistence,2014-03-17T00:00:00,2014-03-18T00:00:00,1,18537005.298013,18468669.449358
load,seasonal_persistence,2014-03-17T00:00:00,2014-03-18T00:00:00,1,18537005.298013,18520918.806905
load,lightgbm,2014-03-18T00:00:00,2014-03-19T00:00:00,1,18655236.297494,18785991.934342682
load,persistence,2014-03-18T00:00:00,2014-03-19T00:00:00,1,18655236.297494,18537005.298013
load,seasonal_persistence,2014-03-18T00:00:00,2014-03-19T00:00:00,1,18655236.297494,18497989.582342
load,lightgbm,2014-03-19T00:00:00,2014-03-20T00:00:00,1,18652032.157644,18766970.66485998
load,persistence,2014-03-19T00:00:00,2014-03-20T00:00:00,1,18652032.157644,18655236.297494
load,seasonal_persistence,2014-03-19T00:00:00,2014-03-20T00:00:00,1,18652032.157644,18425786.609791
load,lightgbm,2014-03-20T00:00:00,2014-03-21T00:00:00,1,18869487.363452,18670385.88204963
load,persistence,2014-03-20T00:00:00,2014-03-21T00:00:00,1,18869487.363452,18652032.157644
load,seasonal_persistence,2014-03-20T00:00:00,2014-03-21T00:00:00,1,18869487.363452,18712176.818368
load,lightgbm,2014-03-21T00:00:00,2014-03-22T00:00:00,1,18506233.867861,18880653.180175357
load,persistence,2014-03-21T00:00:00,2014-03-22T00:00:00,1,18506233.867861,18869487.363452
load,seasonal_persistence,2014-03-21T00:00:00,2014-03-22T00:00:00,1,18506233.867861,19049380.074094
load,lightgbm,2014-03-22T00:00:00,2014-03-23T00:00:00,1,17812798.627011,18227042.89049577
load,persistence,2014-03-22T00:00:00,2014-03-23T00:00:00,1,17812798.627011,18506233.867861
load,seasonal_persistence,2014-03-22T00:00:00,2014-03-23T00:00:00,1,17812798.627011,18499355.176525
load,lightgbm,2014-03-23T00:00:00,2014-03-24T00:00:00,1,18100178.677896,18035365.89163232
load,persistence,2014-03-23T00:00:00,2014-03-24T00:00:00,1,18100178.677896,17812798.627011
load,seasonal_persistence,2014-03-23T00:00:00,2014-03-24T00:00:00,1,18100178.677896,18468669.449358
load,lightgbm,2014-03-24T00:00:00,2014-03-25T00:00:00,1,18158734.395961,18566009.63553537
load,persistence,2014-03-24T00:00:00,2014-03-25T00:00:00,1,18158734.395961,18100178.677896
load,seasonal_persistence,2014-03-24T00:00:00,2014-03-25T00:00:00,1,18158734.395961,18537005.298013
load,lightgbm,2014-03-25T00:00:00,2014-03-26T00:00:00,1,17814238.881903,18019410.623421356
load,persistence,2014-03-25T00:00:00,2014-03-26T00:00:00,1,17814238.881903,18158734.395961
load,seasonal_persistence,2014-03-25T00:00:00,2014-03-26T00:00:00,1,17814238.881903,18655236.297494
load,lightgbm,2014-03-26T00:00:00,2014-03-27T00:00:00,1,17941862.940639,18083460.435062923
load,persistence,2014-03-26T00:00:00,2014-03-27T00:00:00,1,17941862.940639,17814238.881903
load,seasonal_persistence,2014-03-26T00:00:00,2014-03-27T00:00:00,1,17941862.940639,18652032.157644
load,lightgbm,2014-03-27T00:00:00,2014-03-28T00:00:00,1,18445024.747571,18295634.978028886
load,persistence,2014-03-27T00:00:00,2014-03-28T00:00:00,1,18445024.747571,17941862.940639
load,seasonal_persistence,2014-03-27T00:00:00,2014-03-28T00:00:00,1,18445024.747571,18869487.363452
load,lightgbm,2014-03-28T00:00:00,2014-03-29T00:00:00,1,18238850.383576,18329910.877458747
load,persistence,2014-03-28T00:00:00,2014-03-29T00:00:00,1,18238850.383576,18445024.747571
load,seasonal_persistence,2014-03-28T00:00:00,2014-03-29T00:00:00,1,18238850.383576,18506233.867861
load,lightgbm,2014-03-29T00:00:00,2014-03-30T00:00:00,1,17611959.022965,17818866.89675462
load,persistence,2014-03-29T00:00:00,2014-03-30T00:00:00,1,17611959.022965,18238850.383576
load,seasonal_persistence,2014-03-29T00:00:00,2014-03-30T00:00:00,1,17611959.022965,17812798.627011
load,lightgbm,2014-03-30T00:00:00,2014-03-31T00:00:00,1,18353878.371719,18188401.28947638
load,persistence,2014-03-30T00:00:00,2014-03-31T00:00:00,1,18353878.371719,17611959.022965
load,seasonal_persistence,2014-03-30T00:00:00,2014-03-31T00:00:00,1,18353878.371719,18100178.677896
load,lightgbm,2014-03-31T00:00:00,2014-04-01T00:00:00,1,18597706.238204,18612116.229819022
load,persistence,2014-03-31T00:00:00,2014-04-01T00:00:00,1,18597706.238204,18353878.371719
load,seasonal_persistence,2014-03-31T00:00:00,2014-04-01T00:00:00,1,18597706.238204,18158734.395961
load,lightgbm,2014-04-01T00:00:00,2014-04-02T00:00:00,1,18405405.752378,18509105.850889016
load,persistence,2014-04-01T00:00:00,2014-04-02T00:00:00,1,18405405.752378,18597706.238204
load,seasonal_persistence,2014-04-01T00:00:00,2014-04-02T00:00:00,1,18405405.752378,17814238.881903
load,lightgbm,2014-04-02T00:00:00,2014-04-03T00:00:00,1,18357689.927226,18175348.841721624
load,persistence,2014-04-02T00:00:00,2014-04-03T00:00:00,1,18357689.927226,18405405.752378
load,seasonal_persistence,2014-04-02T00:00:00,2014-04-03T00:00:00,1,18357689.927226,17941862.940639
load,lightgbm,2014-04-03T00:00:00,2014-04-04T00:00:00,1,18682001.145667,18445688.780571017
load,persistence,2014-04-03T00:00:00,2014-04-04T00:00:00,1,18682001.145667,18357689.927226
load,seasonal_persistence,2014-04-03T00:00:00,2014-04-04T00:00:00,1,18682001.145667,18445024.747571
load,lightgbm,2014-04-04T00:00:00,2014-04-05T00:00:00,1,19160403.914353,18621493.440921374
load,persistence,2014-04-04T00:00:00,2014-04-05T00:00:00,1,19160403.914353,18682001.145667
load,seasonal_persistence,2014-04-04T00:00:00,2014-04-05T00:00:00,1,19160403.914353,18238850.383576
load,lightgbm,2014-04-05T00:00:00,2014-04-06T00:00:00,1,19311373.784682,18407553.505877588
load,persistence,2014-04-05T00:00:00,2014-04-06T00:00:00,1,19311373.784682,19160403.914353
load,seasonal_persistence,2014-04-05T00:00:00,2014-04-06T00:00:00,1,19311373.784682,17611959.022965
load,lightgbm,2014-04-06T00:00:00,2014-04-07T00:00:00,1,19339306.788483,19507694.805531494
load,persistence,2014-04-06T00:00:00,2014-04-07T00:00:00,1,19339306.788483,19311373.784682
load,seasonal_persistence,2014-04-06T00:00:00,2014-04-07T00:00:00,1,19339306.788483,18353878.371719
load,lightgbm,2014-04-07T00:00:00,2014-04-08T00:00:00,1,20321822.979174,19594429.63156802
load,persistence,2014-04-07T00:00:00,2014-04-08T00:00:00,1,20321822.979174,19339306.788483
load,seasonal_persistence,2014-04-07T00:00:00,2014-04-08T00:00:00,1,20321822.979174,18597706.238204
load,lightgbm,2014-04-08T00:00:00,2014-04-09T00:00:00,1,20171686.040404,19769105.07525342
load,persistence,2014-04-08T00:00:00,2014-04-09T00:00:00,1,20171686.040404,20321822.979174
load,seasonal_persistence,2014-04-08T00:00:00,2014-04-09T00:00:00,1,20171686.040404,18405405.752378
load,lightgbm,2014-04-09T00:00:00,2014-04-10T00:00:00,1,20164468.917841,19748522.85373862
load,persistence,2014-04-09T00:00:00,2014-04-10T00:00:00,1,20164468.917841,20171686.040404
load,seasonal_persistence,2014-04-09T00:00:00,2014-04-10T00:00:00,1,20164468.917841,18357689.927226
load,lightgbm,2014-04-10T00:00:00,2014-04-11T00:00:00,1,20258122.749946,20004802.638538145
load,persistence,2014-04-10T00:00:00,2014-04-11T00:00:00,1,20258122.749946,20164468.917841
load,seasonal_persistence,2014-04-10T00:00:00,2014-04-11T00:00:00,1,20258122.749946,18682001.145667
load,lightgbm,2014-04-11T00:00:00,2014-04-12T00:00:00,1,20285718.506697,19460155.356551126
load,persistence,2014-04-11T00:00:00,2014-04-12T00:00:00,1,20285718.506697,20258122.749946
load,seasonal_persistence,2014-04-11T00:00:00,2014-04-12T00:00:00,1,20285718.506697,19160403.914353
load,lightgbm,2014-04-12T00:00:00,2014-04-13T00:00:00,1,20302434.815745,19405159.5835336
load,persistence,2014-04-12T00:00:00,2014-04-13T00:00:00,1,20302434.815745,20285718.506697
load,seasonal_persistence,2014-04-12T00:00:00,2014-04-13T00:00:00,1,20302434.815745,19311373.784682
load,lightgbm,2014-04-13T00:00:00,2014-04-14T00:00:00,1,20268804.053079,19989023.404207427
load,persistence,2014-04-13T00:00:00,2014-04-14T00:00:00,1,20268804.053079,20302434.815745
load,seasonal_persistence,2014-04-13T00:00:00,2014-04-14T00:00:00,1,20268804.053079,19339306.788483
load,lightgbm,2014-04-14T00:00:00,2014-04-15T00:00:00,1,20645105.140368,20050362.937325526
load,persistence,2014-04-14T00:00:00,2014-04-15T00:00:00,1,20645105.140368,20268804.053079
load,seasonal_persistence,2014-04-14T00:00:00,2014-04-15T00:00:00,1,20645105.140368,20321822.979174
load,lightgbm,2014-04-15T00:00:00,2014-04-16T00:00:00,1,20446618.822694,20351755.4079392
load,persistence,2014-04-15T00:00:00,2014-04-16T00:00:00,1,20446618.822694,20645105.140368
load,seasonal_persistence,2014-04-15T00:00:00,2014-04-16T00:00:00,1,20446618.822694,20171686.040404
load,lightgbm,2014-04-16T00:00:00,2014-04-17T00:00:00,1,21333691.570051,20345471.116368998
load,persistence,2014-04-16T00:00:00,2014-04-17T00:00:00,1,21333691.570051,20446618.822694
load,seasonal_persistence,2014-04-16T00:00:00,2014-04-17T00:00:00,1,21333691.570051,20164468.917841
load,lightgbm,2014-04-17T00:00:00,2014-04-18T00:00:00,1,20737929.497009,21458411.14284789
load,persistence,2014-04-17T00:00:00,2014-04-18T00:00:00,1,20737929.497009,21333691.570051
load,seasonal_persistence,2014-04-17T00:00:00,2014-04-18T00:00:00,1,20737929.497009,20258122.749946
load,lightgbm,2014-04-18T00:00:00,2014-04-19T00:00:00,1,19941820.62674,20694471.675033875
load,persistence,2014-04-18T00:00:00,2014-04-19T00:00:00,1,19941820.62674,20737929.497009
load,seasonal_persistence,2014-04-18T00:00:00,2014-04-19T00:00:00,1,19941820.62674,20285718.506697
load,lightgbm,2014-04-19T00:00:00,2014-04-20T00:00:00,1,17718820.811913,19767261.315631803
load,persistence,2014-04-19T00:00:00,2014-04-20T00:00:00,1,17718820.811913,19941820.62674
load,seasonal_persistence,2014-04-19T00:00:00,2014-04-20T00:00:00,1,17718820.811913,20302434.815745
load,lightgbm,2014-04-20T00:00:00,2014-04-21T00:00:00,1,18930579.517374,17227596.914294526
load,persistence,2014-04-20T00:00:00,2014-04-21T00:00:00,1,18930579.517374,17718820.811913
load,seasonal_persistence,2014-04-20T00:00:00,2014-04-21T00:00:00,1,18930579.517374,20268804.053079
load,lightgbm,2014-04-21T00:00:00,2014-04-22T00:00:00,1,19600274.208936,19878262.431665152
load,persistence,2014-04-21T00:00:00,2014-04-22T00:00:00,1,19600274.208936,18930579.517374
load,seasonal_persistence,2014-04-21T00:00:00,2014-04-22T00:00:00,1,19600274.208936,20645105.140368
load,lightgbm,2014-04-22T00:00:00,2014-04-23T00:00:00,1,19594408.225463,19584207.881875068
load,persistence,2014-04-22T00:00:00,2014-04-23T00:00:00,1,19594408.225463,19600274.208936
load,seasonal_persistence,2014-04-22T00:00:00,2014-04-23T00:00:00,1,19594408.225463,20446618.822694
load,lightgbm,2014-04-23T00:00:00,2014-04-24T00:00:00,1,19339243.048405,19890757.43223455
load,persistence,2014-04-23T00:00:00,2014-04-24T00:00:00,1,19339243.048405,19594408.225463
load,seasonal_persistence,2014-04-23T00:00:00,2014-04-24T00:00:00,1,19339243.048405,21333691.570051
load,lightgbm,2014-04-24T00:00:00,2014-04-25T00:00:00,1,19252133.161373,19657106.18068739
load,persistence,2014-04-24T00:00:00,2014-04-25T00:00:00,1,19252133.161373,19339243.048405
load,seasonal_persistence,2014-04-24T00:00:00,2014-04-25T00:00:00,1,19252133.161373,20737929.497009
load,lightgbm,2014-04-25T00:00:00,2014-04-26T00:00:00,1,19791864.29734,19215641.62546107
load,persistence,2014-04-25T00:00:00,2014-04-26T00:00:00,1,19791864.29734,19252133.161373
load,seasonal_persistence,2014-04-25T00:00:00,2014-04-26T00:00:00,1,19791864.29734,19941820.62674
load,lightgbm,2014-04-26T00:00:00,2014-04-27T00:00:00,1,19474704.715676,19395199.864471536
load,persistence,2014-04-26T00:00:00,2014-04-27T00:00:00,1,19474704.715676,19791864.29734
load,seasonal_persistence,2014-04-26T00:00:00,2014-04-27T00:00:00,1,19474704.715676,17718820.811913
load,lightgbm,2014-04-27T00:00:00,2014-04-28T00:00:00,1,19778688.799221,19632325.916974682
load,persistence,2014-04-27T00:00:00,2014-04-28T00:00:00,1,19778688.799221,19474704.715676
load,seasonal_persistence,2014-04-27T00:00:00,2014-04-28T00:00:00,1,19778688.799221,18930579.517374
load,lightgbm,2014-04-28T00:00:00,2014-04-29T00:00:00,1,20192356.610975,20032431.209760062
load,persistence,2014-04-28T00:00:00,2014-04-29T00:00:00,1,20192356.610975,19778688.799221
load,seasonal_persistence,2014-04-28T00:00:00,2014-04-29T00:00:00,1,20192356.610975,19600274.208936
load,lightgbm,2014-04-29T00:00:00,2014-04-30T00:00:00,1,21216709.750432,19617167.184377093
load,persistence,2014-04-29T00:00:00,2014-04-30T00:00:00,1,21216709.750432,20192356.610975
load,seasonal_persistence,2014-04-29T00:00:00,2014-04-30T00:00:00,1,21216709.750432,19594408.225463
load,lightgbm,2014-04-30T00:00:00,2014-05-01T00:00:00,1,20965781.532657,20946245.42960139
load,persistence,2014-04-30T00:00:00,2014-05-01T00:00:00,1,20965781.532657,21216709.750432
load,seasonal_persistence,2014-04-30T00:00:00,2014-05-01T00:00:00,1,20965781.532657,19339243.048405
load,lightgbm,2014-05-01T00:00:00,2014-05-02T00:00:00,1,21972831.519351,21200709.080955483
load,persistence,2014-05-01T00:00:00,2014-05-02T00:00:00,1,21972831.519351,20965781.532657
load,seasonal_persistence,2014-05-01T00:00:00,2014-05-02T00:00:00,1,21972831.519351,19252133.161373
load,lightgbm,2014-05-02T00:00:00,2014-05-03T00:00:00,1,22006887.269344,21358467.23341332
load,persistence,2014-05-02T00:00:00,2014-05-03T00:00:00,1,22006887.269344,21972831.519351
load,seasonal_persistence,2014-05-02T00:00:00,2014-05-03T00:00:00,1,22006887.269344,19791864.29734
load,lightgbm,2014-05-03T00:00:00,2014-05-04T00:00:00,1,21631665.248022,21015069.105062023
load,persistence,2014-05-03T00:00:00,2014-05-04T00:00:00,1,21631665.248022,22006887.269344
load,seasonal_persistence,2014-05-03T00:00:00,2014-05-04T00:00:00,1,21631665.248022,19474704.715676
load,lightgbm,2014-05-04T00:00:00,2014-05-05T00:00:00,1,21390622.143038,21003900.41264176
load,persistence,2014-05-04T00:00:00,2014-05-05T00:00:00,1,21390622.143038,21631665.248022
load,seasonal_persistence,2014-05-04T00:00:00,2014-05-05T00:00:00,1,21390622.143038,19778688.799221
load,lightgbm,2014-05-05T00:00:00,2014-05-06T00:00:00,1,21579876.234088,21214360.778877005
load,persistence,2014-05-05T00:00:00,2014-05-06T00:00:00,1,21579876.234088,21390622.143038
load,seasonal_persistence,2014-05-05T00:00:00,2014-05-06T00:00:00,1,21579876.234088,20192356.610975
load,lightgbm,2014-05-06T00:00:00,2014-05-07T00:00:00,1,21373834.130423,21152490.96487082
load,persistence,2014-05-06T00:00:00,2014-05-07T00:00:00,1,21373834.130423,21579876.234088
load,seasonal_persistence,2014-05-06T00:00:00,2014-05-07T00:00:00,1,21373834.130423,21216709.750432
load,lightgbm,2014-05-07T00:00:00,2014-05-08T00:00:00,1,21452039.291694,20713568.173950836
load,persistence,2014-05-07T00:00:00,2014-05-08T00:00:00,1,21452039.291694,21373834.130423
load,seasonal_persistence,2014-05-07T00:00:00,2014-05-08T00:00:00,1,21452039.291694,20965781.532657
load,lightgbm,2014-05-08T00:00:00,2014-05-09T00:00:00,1,21946937.880856,21104066.655303106
load,persistence,2014-05-08T00:00:00,2014-05-09T00:00:00,1,21946937.880856,21452039.291694
load,seasonal_persistence,2014-05-08T00:00:00,2014-05-09T00:00:00,1,21946937.880856,21972831.519351
load,lightgbm,2014-05-09T00:00:00,2014-05-10T00:00:00,1,22129589.950809,21272577.01688057
load,persistence,2014-05-09T00:00:00,2014-05-10T00:00:00,1,22129589.950809,21946937.880856
load,seasonal_persistence,2014-05-09T00:00:00,2014-05-10T00:00:00,1,22129589.950809,22006887.269344
load,lightgbm,2014-05-10T00:00:00,2014-05-11T00:00:00,1,21743566.79481,21889627.27215554
load,persistence,2014-05-10T00:00:00,2014-05-11T00:00:00,1,21743566.79481,22129589.950809
load,seasonal_persistence,2014-05-10T00:00:00,2014-05-11T00:00:00,1,21743566.79481,21631665.248022
load,lightgbm,2014-05-11T00:00:00,2014-05-12T00:00:00,1,21274654.056582,21827925.01418659
load,persistence,2014-05-11T00:00:00,2014-05-12T00:00:00,1,21274654.056582,21743566.79481
load,seasonal_persistence,2014-05-11T00:00:00,2014-05-12T00:00:00,1,21274654.056582,21390622.143038
load,lightgbm,2014-05-12T00:00:00,2014-05-13T00:00:00,1,21862126.519066,21286990.8433765
load,persistence,2014-05-12T00:00:00,2014-05-13T00:00:00,1,21862126.519066,21274654.056582
load,seasonal_persistence,2014-05-12T00:00:00,2014-05-13T00:00:00,1,21862126.519066,21579876.234088
load,lightgbm,2014-05-13T00:00:00,2014-05-14T00:00:00,1,22297793.443999,21375413.225874793
load,persistence,2014-05-13T00:00:00,2014-05-14T00:00:00,1,22297793.443999,21862126.519066
load,seasonal_persistence,2014-05-13T00:00:00,2014-05-14T00:00:00,1,22297793.443999,21373834.130423
load,lightgbm,2014-05-14T00:00:00,2014-05-15T00:00:00,1,22606244.537539,22219990.93360572
load,persistence,2014-05-14T00:00:00,2014-05-15T00:00:00,1,22606244.537539,22297793.443999
load,seasonal_persistence,2014-05-14T00:00:00,2014-05-15T00:00:00,1,22606244.537539,21452039.291694
load,lightgbm,2014-05-15T00:00:00,2014-05-16T00:00:00,1,22824213.812563,22031338.847871542
load,persistence,2014-05-15T00:00:00,2014-05-16T00:00:00,1,22824213.812563,22606244.537539
load,seasonal_persistence,2014-05-15T00:00:00,2014-05-16T00:00:00,1,22824213.812563,21946937.880856
load,lightgbm,2014-05-16T00:00:00,2014-05-17T00:00:00,1,22490041.762981,22125045.791652694
load,persistence,2014-05-16T00:00:00,2014-05-17T00:00:00,1,22490041.762981,22824213.812563
load,seasonal_persistence,2014-05-16T00:00:00,2014-05-17T00:00:00,1,22490041.762981,22129589.950809
load,lightgbm,2014-05-17T00:00:00,2014-05-18T00:00:00,1,21356585.604171,21938620.08418677
load,persistence,2014-05-17T00:00:00,2014-05-18T00:00:00,1,21356585.604171,22490041.762981
load,seasonal_persistence,2014-05-17T00:00:00,2014-05-18T00:00:00,1,21356585.604171,21743566.79481
load,lightgbm,2014-05-18T00:00:00,2014-05-19T00:00:00,1,20302863.905736,21417909.38269093
load,persistence,2014-05-18T00:00:00,2014-05-19T00:00:00,1,20302863.905736,21356585.604171
load,seasonal_persistence,2014-05-18T00:00:00,2014-05-19T00:00:00,1,20302863.905736,21274654.056582
load,lightgbm,2014-05-19T00:00:00,2014-05-20T00:00:00,1,19838338.773076,20317476.170235135
load,persistence,2014-05-19T00:00:00,2014-05-20T00:00:00,1,19838338.773076,20302863.905736
load,seasonal_persistence,2014-05-19T00:00:00,2014-05-20T00:00:00,1,19838338.773076,21862126.519066
load,lightgbm,2014-05-20T00:00:00,2014-05-21T00:00:00,1,19507689.954411,20210785.117037907
load,persistence,2014-05-20T00:00:00,2014-05-21T00:00:00,1,19507689.954411,19838338.773076
load,seasonal_persistence,2014-05-20T00:00:00,2014-05-21T00:00:00,1,19507689.954411,22297793.443999
load,lightgbm,2014-05-21T00:00:00,2014-05-22T00:00:00,1,19903606.62473,19760339.94002239
load,persistence,2014-05-21T00:00:00,2014-05-22T00:00:00,1,19903606.62473,19507689.954411
load,seasonal_persistence,2014-05-21T00:00:00,2014-05-22T00:00:00,1,19903606.62473,22606244.537539
load,lightgbm,2014-05-22T00:00:00,2014-05-23T00:00:00,1,20004000.328168,20306260.51909274
load,persistence,2014-05-22T00:00:00,2014-05-23T00:00:00,1,20004000.328168,19903606.62473
load,seasonal_persistence,2014-05-22T00:00:00,2014-05-23T00:00:00,1,20004000.328168,22824213.812563
load,lightgbm,2014-05-23T00:00:00,2014-05-24T00:00:00,1,19759815.713769,19816507.66644833
load,persistence,2014-05-23T00:00:00,2014-05-24T00:00:00,1,19759815.713769,20004000.328168
load,seasonal_persistence,2014-05-23T00:00:00,2014-05-24T00:00:00,1,19759815.713769,22490041.762981
load,lightgbm,2014-05-24T00:00:00,2014-05-25T00:00:00,1,19278189.565808,19514062.367056504
load,persistence,2014-05-24T00:00:00,2014-05-25T00:00:00,1,19278189.565808,19759815.713769
load,seasonal_persistence,2014-05-24T00:00:00,2014-05-25T00:00:00,1,19278189.565808,21356585.604171
load,lightgbm,2014-05-25T00:00:00,2014-05-26T00:00:00,1,19225202.584246,19726793.107971188
load,persistence,2014-05-25T00:00:00,2014-05-26T00:00:00,1,19225202.584246,19278189.565808
load,seasonal_persistence,2014-05-25T00:00:00,2014-05-26T00:00:00,1,19225202.584246,20302863.905736
load,lightgbm,2014-05-26T00:00:00,2014-05-27T00:00:00,1,19975600.719139,19537545.559328742
load,persistence,2014-05-26T00:00:00,2014-05-27T00:00:00,1,19975600.719139,19225202.584246
load,seasonal_persistence,2014-05-26T00:00:00,2014-05-27T00:00:00,1,19975600.719139,19838338.773076
load,lightgbm,2014-05-27T00:00:00,2014-05-28T00:00:00,1,20326768.37715,20031592.628557164
load,persistence,2014-05-27T00:00:00,2014-05-28T00:00:00,1,20326768.37715,19975600.719139
load,seasonal_persistence,2014-05-27T00:00:00,2014-05-28T00:00:00,1,20326768.37715,19507689.954411
load,lightgbm,2014-05-28T00:00:00,2014-05-29T00:00:00,1,21014948.848689,20486134.713672668
load,persistence,2014-05-28T00:00:00,2014-05-29T00:00:00,1,21014948.848689,20326768.37715
load,seasonal_persistence,2014-05-28T00:00:00,2014-05-29T00:00:00,1,21014948.848689,19903606.62473
load,lightgbm,2014-05-29T00:00:00,2014-05-30T00:00:00,1,21389999.721653,21224392.464814972
load,persistence,2014-05-29T00:00:00,2014-05-30T00:00:00,1,21389999.721653,21014948.848689
load,seasonal_persistence,2014-05-29T00:00:00,2014-05-30T00:00:00,1,21389999.721653,20004000.328168
load,lightgbm,2014-05-30T00:00:00,2014-05-31T00:00:00,1,21622292.109745,21179222.743028555
load,persistence,2014-05-30T00:00:00,2014-05-31T00:00:00,1,21622292.109745,21389999.721653
load,seasonal_persistence,2014-05-30T00:00:00,2014-05-31T00:00:00,1,21622292.109745,19759815.713769
load,lightgbm,2014-05-31T00:00:00,2014-06-01T00:00:00,1,21770374.733026,21404417.397452462
load,persistence,2014-05-31T00:00:00,2014-06-01T00:00:00,1,21770374.733026,21622292.109745
load,seasonal_persistence,2014-05-31T00:00:00,2014-06-01T00:00:00,1,21770374.733026,19278189.565808
load,lightgbm,2014-06-01T00:00:00,2014-06-02T00:00:00,1,21826883.13475,21746198.36994815
load,persistence,2014-06-01T00:00:00,2014-06-02T00:00:00,1,21826883.13475,21770374.733026
load,seasonal_persistence,2014-06-01T00:00:00,2014-06-02T00:00:00,1,21826883.13475,19225202.584246
load,lightgbm,2014-06-02T00:00:00,2014-06-03T00:00:00,1,21611408.198866,21623460.017286446
load,persistence,2014-06-02T00:00:00,2014-06-03T00:00:00,1,21611408.198866,21826883.13475
load,seasonal_persistence,2014-06-02T00:00:00,2014-06-03T00:00:00,1,21611408.198866,19975600.719139
load,lightgbm,2014-06-03T00:00:00,2014-06-04T00:00:00,1,21460787.634255,20948387.365744833
load,persistence,2014-06-03T00:00:00,2014-06-04T00:00:00,1,21460787.634255,21611408.198866
load,seasonal_persistence,2014-06-03T00:00:00,2014-06-04T00:00:00,1,21460787.634255,20326768.37715
load,lightgbm,2014-06-04T00:00:00,2014-06-05T00:00:00,1,21212222.47459,21340422.633342817
load,persistence,2014-06-04T00:00:00,2014-06-05T00:00:00,1,21212222.47459,21460787.634255
load,seasonal_persistence,2014-06-04T00:00:00,2014-06-05T00:00:00,1,21212222.47459,21014948.848689
load,lightgbm,2014-06-05T00:00:00,2014-06-06T00:00:00,1,21476541.353907,21235509.688265946
load,persistence,2014-06-05T00:00:00,2014-06-06T00:00:00,1,21476541.353907,21212222.47459
load,seasonal_persistence,2014-06-05T00:00:00,2014-06-06T00:00:00,1,21476541.353907,21389999.721653
load,lightgbm,2014-06-06T00:00:00,2014-06-07T00:00:00,1,21341338.615676,21313776.895363744
load,persistence,2014-06-06T00:00:00,2014-06-07T00:00:00,1,21341338.615676,21476541.353907
load,seasonal_persistence,2014-06-06T00:00:00,2014-06-07T00:00:00,1,21341338.615676,21622292.109745
load,lightgbm,2014-06-07T00:00:00,2014-06-08T00:00:00,1,20890066.246463,20995381.186789658
load,persistence,2014-06-07T00:00:00,2014-06-08T00:00:00,1,20890066.246463,21341338.615676
load,seasonal_persistence,2014-06-07T00:00:00,2014-06-08T00:00:00,1,20890066.246463,21770374.733026
load,lightgbm,2014-06-08T00:00:00,2014-06-09T00:00:00,1,21181969.939681,20967942.488761585
load,persistence,2014-06-08T00:00:00,2014-06-09T00:00:00,1,21181969.939681,20890066.246463
load,seasonal_persistence,2014-06-08T00:00:00,2014-06-09T00:00:00,1,21181969.939681,21826883.13475
load,lightgbm,2014-06-09T00:00:00,2014-06-10T00:00:00,1,21533974.474305,21468304.2032476
load,persistence,2014-06-09T00:00:00,2014-06-10T00:00:00,1,21533974.474305,21181969.939681
load,seasonal_persistence,2014-06-09T00:00:00,2014-06-10T00:00:00,1,21533974.474305,21611408.198866
load,lightgbm,2014-06-10T00:00:00,2014-06-11T00:00:00,1,22766976.325377,21204976.833497383
load,persistence,2014-06-10T00:00:00,2014-06-11T00:00:00,1,22766976.325377,21533974.474305
load,seasonal_persistence,2014-06-10T00:00:00,2014-06-11T00:00:00,1,22766976.325377,21460787.634255
load,lightgbm,2014-06-11T00:00:00,2014-06-12T00:00:00,1,24770898.920223,22332823.021994498
load,persistence,2014-06-11T00:00:00,2014-06-12T00:00:00,1,24770898.920223,22766976.325377
load,seasonal_persistence,2014-06-11T00:00:00,2014-06-12T00:00:00,1,24770898.920223,21212222.47459
load,lightgbm,2014-06-12T00:00:00,2014-06-13T00:00:00,1,26884975.10359,24802594.171332464
load,persistence,2014-06-12T00:00:00,2014-06-13T00:00:00,1,26884975.10359,24770898.920223
load,seasonal_persistence,2014-06-12T00:00:00,2014-06-13T00:00:00,1,26884975.10359,21476541.353907
load,lightgbm,2014-06-13T00:00:00,2014-06-14T00:00:00,1,28152524.347894,27159597.470106952
load,persistence,2014-06-13T00:00:00,2014-06-14T00:00:00,1,28152524.347894,26884975.10359
load,seasonal_persistence,2014-06-13T00:00:00,2014-06-14T00:00:00,1,28152524.347894,21341338.615676
load,lightgbm,2014-06-14T00:00:00,2014-06-15T00:00:00,1,27139778.605741,28474434.53444924
load,persistence,2014-06-14T00:00:00,2014-06-15T00:00:00,1,27139778.605741,28152524.347894
load,seasonal_persistence,2014-06-14T00:00:00,2014-06-15T00:00:00,1,27139778.605741,20890066.246463
load,lightgbm,2014-06-15T00:00:00,2014-06-16T00:00:00,1,25765019.249074,26901702.459603634
load,persistence,2014-06-15T00:00:00,2014-06-16T00:00:00,1,25765019.249074,27139778.605741
load,seasonal_persistence,2014-06-15T00:00:00,2014-06-16T00:00:00,1,25765019.249074,21181969.939681
load,lightgbm,2014-06-16T00:00:00,2014-06-17T00:00:00,1,24547126.499062,25154858.049562834
load,persistence,2014-06-16T00:00:00,2014-06-17T00:00:00,1,24547126.499062,25765019.249074
load,seasonal_persistence,2014-06-16T00:00:00,2014-06-17T00:00:00,1,24547126.499062,21533974.474305
load,lightgbm,2014-06-17T00:00:00,2014-06-18T00:00:00,1,23840982.319796,24434173.514905084
load,persistence,2014-06-17T00:00:00,2014-06-18T00:00:00,1,23840982.319796,24547126.499062
load,seasonal_persistence,2014-06-17T00:00:00,2014-06-18T00:00:00,1,23840982.319796,22766976.325377
load,lightgbm,2014-06-18T00:00:00,2014-06-19T00:00:00,1,23412513.187966,24064014.709471177
load,persistence,2014-06-18T00:00:00,2014-06-19T00:00:00,1,23412513.187966,23840982.319796
load,seasonal_persistence,2014-06-18T00:00:00,2014-06-19T00:00:00,1,23412513.187966,24770898.920223
load,lightgbm,2014-06-19T00:00:00,2014-06-20T00:00:00,1,23630303.668475,24212989.15297698
load,persistence,2014-06-19T00:00:00,2014-06-20T00:00:00,1,23630303.668475,23412513.187966
load,seasonal_persistence,2014-06-19T00:00:00,2014-06-20T00:00:00,1,23630303.668475,26884975.10359
load,lightgbm,2014-06-20T00:00:00,2014-06-21T00:00:00,1,23371503.793146,24291861.86945304
load,persistence,2014-06-20T00:00:00,2014-06-21T00:00:00,1,23371503.793146,23630303.668475
load,seasonal_persistence,2014-06-20T00:00:00,2014-06-21T00:00:00,1,23371503.793146,28152524.347894
load,lightgbm,2014-06-21T00:00:00,2014-06-22T00:00:00,1,22663116.283158,23222941.368618354
load,persistence,2014-06-21T00:00:00,2014-06-22T00:00:00,1,22663116.283158,23371503.793146
load,seasonal_persistence,2014-06-21T00:00:00,2014-06-22T00:00:00,1,22663116.283158,27139778.605741
load,lightgbm,2014-06-22T00:00:00,2014-06-23T00:00:00,1,22644942.484851,23054348.601312675
load,persistence,2014-06-22T00:00:00,2014-06-23T00:00:00,1,22644942.484851,22663116.283158
load,seasonal_persistence,2014-06-22T00:00:00,2014-06-23T00:00:00,1,22644942.484851,25765019.249074
load,lightgbm,2014-06-23T00:00:00,2014-06-24T00:00:00,1,22572699.391846,22418482.38333531
load,persistence,2014-06-23T00:00:00,2014-06-24T00:00:00,1,22572699.391846,22644942.484851
load,seasonal_persistence,2014-06-23T00:00:00,2014-06-24T00:00:00,1,22572699.391846,24547126.499062
load,lightgbm,2014-06-24T00:00:00,2014-06-25T00:00:00,1,22687700.127158,22014849.838267077
load,persistence,2014-06-24T00:00:00,2014-06-25T00:00:00,1,22687700.127158,22572699.391846
load,seasonal_persistence,2014-06-24T00:00:00,2014-06-25T00:00:00,1,22687700.127158,23840982.319796
load,lightgbm,2014-06-25T00:00:00,2014-06-26T00:00:00,1,22900819.821764,22726556.391039994
load,persistence,2014-06-25T00:00:00,2014-06-26T00:00:00,1,22900819.821764,22687700.127158
load,seasonal_persistence,2014-06-25T00:00:00,2014-06-26T00:00:00,1,22900819.821764,23412513.187966
load,lightgbm,2014-06-26T00:00:00,2014-06-27T00:00:00,1,23695347.83134,22780972.82059041
load,persistence,2014-06-26T00:00:00,2014-06-27T00:00:00,1,23695347.83134,22900819.821764
load,seasonal_persistence,2014-06-26T00:00:00,2014-06-27T00:00:00,1,23695347.83134,23630303.668475
load,lightgbm,2014-06-27T00:00:00,2014-06-28T00:00:00,1,24204853.107032,23434569.164610554
load,persistence,2014-06-27T00:00:00,2014-06-28T00:00:00,1,24204853.107032,23695347.83134
load,seasonal_persistence,2014-06-27T00:00:00,2014-06-28T00:00:00,1,24204853.107032,23371503.793146
load,lightgbm,2014-06-28T00:00:00,2014-06-29T00:00:00,1,23006900.924841,23495038.44206605
load,persistence,2014-06-28T00:00:00,2014-06-29T00:00:00,1,23006900.924841,24204853.107032
load,seasonal_persistence,2014-06-28T00:00:00,2014-06-29T00:00:00,1,23006900.924841,22663116.283158
load,lightgbm,2014-06-29T00:00:00,2014-06-30T00:00:00,1,22651757.003789,22707256.732694726
load,persistence,2014-06-29T00:00:00,2014-06-30T00:00:00,1,22651757.003789,23006900.924841
load,seasonal_persistence,2014-06-29T00:00:00,2014-06-30T00:00:00,1,22651757.003789,22644942.484851
load,lightgbm,2014-06-30T00:00:00,2014-07-01T00:00:00,1,22903504.01993,22605714.683771577
load,persistence,2014-06-30T00:00:00,2014-07-01T00:00:00,1,22903504.01993,22651757.003789
load,seasonal_persistence,2014-06-30T00:00:00,2014-07-01T00:00:00,1,22903504.01993,22572699.391846
load,lightgbm,2014-07-01T00:00:00,2014-07-02T00:00:00,1,22703038.611889,22731573.191216383
load,persistence,2014-07-01T00:00:00,2014-07-02T00:00:00,1,22703038.611889,22903504.01993
load,seasonal_persistence,2014-07-01T00:00:00,2014-07-02T00:00:00,1,22703038.611889,22687700.127158
load,lightgbm,2014-07-02T00:00:00,2014-07-03T00:00:00,1,23600983.964869,22266765.38894957
load,persistence,2014-07-02T00:00:00,2014-07-03T00:00:00,1,23600983.964869,22703038.611889
load,seasonal_persistence,2014-07-02T00:00:00,2014-07-03T00:00:00,1,23600983.964869,22900819.821764
load,lightgbm,2014-07-03T00:00:00,2014-07-04T00:00:00,1,24710259.190083,23850625.794789042
load,persistence,2014-07-03T00:00:00,2014-07-04T00:00:00,1,24710259.190083,23600983.964869
load,seasonal_persistence,2014-07-03T00:00:00,2014-07-04T00:00:00,1,24710259.190083,23695347.83134
load,lightgbm,2014-07-04T00:00:00,2014-07-05T00:00:00,1,24844368.298798,24291254.863338944
load,persistence,2014-07-04T00:00:00,2014-07-05T00:00:00,1,24844368.298798,24710259.190083
load,seasonal_persistence,2014-07-04T00:00:00,2014-07-05T00:00:00,1,24844368.298798,24204853.107032
load,lightgbm,2014-07-05T00:00:00,2014-07-06T00:00:00,1,23480559.529624,24950667.466285527
load,persistence,2014-07-05T00:00:00,2014-07-06T00:00:00,1,23480559.529624,24844368.298798
load,seasonal_persistence,2014-07-05T00:00:00,2014-07-06T00:00:00,1,23480559.529624,23006900.924841
load,lightgbm,2014-07-06T00:00:00,2014-07-07T00:00:00,1,22907018.973024,23806275.17555038
load,persistence,2014-07-06T00:00:00,2014-07-07T00:00:00,1,22907018.973024,23480559.529624
load,seasonal_persistence,2014-07-06T00:00:00,2014-07-07T00:00:00,1,22907018.973024,22651757.003789
load,lightgbm,2014-07-07T00:00:00,2014-07-08T00:00:00,1,25336158.897386,22932677.36757602
load,persistence,2014-07-07T00:00:00,2014-07-08T00:00:00,1,25336158.897386,22907018.973024
load,seasonal_persistence,2014-07-07T00:00:00,2014-07-08T00:00:00,1,25336158.897386,22903504.01993
load,lightgbm,2014-07-08T00:00:00,2014-07-09T00:00:00,1,25353404.918603,25383860.36761087
load,persistence,2014-07-08T00:00:00,2014-07-09T00:00:00,1,25353404.918603,25336158.897386
load,seasonal_persistence,2014-07-08T00:00:00,2014-07-09T00:00:00,1,25353404.918603,22703038.611889
load,lightgbm,2014-07-09T00:00:00,2014-07-10T00:00:00,1,26220502.865927,25676864.520930354
load,persistence,2014-07-09T00:00:00,2014-07-10T00:00:00,1,26220502.865927,25353404.918603
load,seasonal_persistence,2014-07-09T00:00:00,2014-07-10T00:00:00,1,26220502.865927,23600983.964869
load,lightgbm,2014-07-10T00:00:00,2014-07-11T00:00:00,1,27571381.783396,26688071.545329623
load,persistence,2014-07-10T00:00:00,2014-07-11T00:00:00,1,27571381.783396,26220502.865927
load,seasonal_persistence,2014-07-10T00:00:00,2014-07-11T00:00:00,1,27571381.783396,24710259.190083
load,lightgbm,2014-07-11T00:00:00,2014-07-12T00:00:00,1,27683045.216881,27855497.760284085
load,persistence,2014-07-11T00:00:00,2014-07-12T00:00:00,1,27683045.216881,27571381.783396
load,seasonal_persistence,2014-07-11T00:00:00,2014-07-12T00:00:00,1,27683045.216881,24844368.298798
load,lightgbm,2014-07-12T00:00:00,2014-07-13T00:00:00,1,26521846.781693,27645454.39941563
load,persistence,2014-07-12T00:00:00,2014-07-13T00:00:00,1,26521846.781693,27683045.216881
load,seasonal_persistence,2014-07-12T00:00:00,2014-07-13T00:00:00,1,26521846.781693,23480559.529624
load,lightgbm,2014-07-13T00:00:00,2014-07-14T00:00:00,1,27271541.090153,25755809.385624062
load,persistence,2014-07-13T00:00:00,2014-07-14T00:00:00,1,27271541.090153,26521846.781693
load,seasonal_persistence,2014-07-13T00:00:00,2014-07-14T00:00:00,1,27271541.090153,22907018.973024
load,lightgbm,2014-07-14T00:00:00,2014-07-15T00:00:00,1,27748039.849158,27560839.95502762
load,persistence,2014-07-14T00:00:00,2014-07-15T00:00:00,1,27748039.849158,27271541.090153
load,seasonal_persistence,2014-07-14T00:00:00,2014-07-15T00:00:00,1,27748039.849158,25336158.897386
load,lightgbm,2014-07-15T00:00:00,2014-07-16T00:00:00,1,27969378.332818,28194452.38481255
load,persistence,2014-07-15T00:00:00,2014-07-16T00:00:00,1,27969378.332818,27748039.849158
load,seasonal_persistence,2014-07-15T00:00:00,2014-07-16T00:00:00,1,27969378.332818,25353404.918603
load,lightgbm,2014-07-16T00:00:00,2014-07-17T00:00:00,1,27198761.884668,29350663.68876967
load,persistence,2014-07-16T00:00:00,2014-07-17T00:00:00,1,27198761.884668,27969378.332818
load,seasonal_persistence,2014-07-16T00:00:00,2014-07-17T00:00:00,1,27198761.884668,26220502.865927
load,lightgbm,2014-07-17T00:00:00,2014-07-18T00:00:00,1,25957851.520019,27635223.219145395
load,persistence,2014-07-17T00:00:00,2014-07-18T00:00:00,1,25957851.520019,27198761.884668
load,seasonal_persistence,2014-07-17T00:00:00,2014-07-18T00:00:00,1,25957851.520019,27571381.783396
load,lightgbm,2014-07-18T00:00:00,2014-07-19T00:00:00,1,25575810.964749,25838853.722292878
load,persistence,2014-07-18T00:00:00,2014-07-19T00:00:00,1,25575810.964749,25957851.520019
load,seasonal_persistence,2014-07-18T00:00:00,2014-07-19T00:00:00,1,25575810.964749,27683045.216881
load,lightgbm,2014-07-19T00:00:00,2014-07-20T00:00:00,1,24484134.371966,26050319.413519755
load,persistence,2014-07-19T00:00:00,2014-07-20T00:00:00,1,24484134.371966,25575810.964749
load,seasonal_persistence,2014-07-19T00:00:00,2014-07-20T00:00:00,1,24484134.371966,26521846.781693
load,lightgbm,2014-07-20T00:00:00,2014-07-21T00:00:00,1,26027649.139673,24759566.193494085
load,persistence,2014-07-20T00:00:00,2014-07-21T00:00:00,1,26027649.139673,24484134.371966
load,seasonal_persistence,2014-07-20T00:00:00,2014-07-21T00:00:00,1,26027649.139673,27271541.090153
load,lightgbm,2014-07-21T00:00:00,2014-07-22T00:00:00,1,27144994.358131,26357504.857144576
load,persistence,2014-07-21T00:00:00,2014-07-22T00:00:00,1,27144994.358131,26027649.139673
load,seasonal_persistence,2014-07-21T00:00:00,2014-07-22T00:00:00,1,27144994.358131,27748039.849158
load,lightgbm,2014-07-22T00:00:00,2014-07-23T00:00:00,1,26566965.878486,27533716.878329467
load,persistence,2014-07-22T00:00:00,2014-07-23T00:00:00,1,26566965.878486,27144994.358131
load,seasonal_persistence,2014-07-22T00:00:00,2014-07-23T00:00:00,1,26566965.878486,27969378.332818
load,lightgbm,2014-07-23T00:00:00,2014-07-24T00:00:00,1,25738586.775834,26334200.235161085
load,persistence,2014-07-23T00:00:00,2014-07-24T00:00:00,1,25738586.775834,26566965.878486
load,seasonal_persistence,2014-07-23T00:00:00,2014-07-24T00:00:00,1,25738586.775834,27198761.884668
load,lightgbm,2014-07-24T00:00:00,2014-07-25T00:00:00,1,26545014.192344,25944294.05681474
load,persistence,2014-07-24T00:00:00,2014-07-25T00:00:00,1,26545014.192344,25738586.775834
load,seasonal_persistence,2014-07-24T00:00:00,2014-07-25T00:00:00,1,26545014.192344,25957851.520019
load,lightgbm,2014-07-25T00:00:00,2014-07-26T00:00:00,1,27125244.478327,26796247.632897075
load,persistence,2014-07-25T00:00:00,2014-07-26T00:00:00,1,27125244.478327,26545014.192344
load,seasonal_persistence,2014-07-25T00:00:00,2014-07-26T00:00:00,1,27125244.478327,25575810.964749
load,lightgbm,2014-07-26T00:00:00,2014-07-27T00:00:00,1,25850363.97843,26494929.22389794
load,persistence,2014-07-26T00:00:00,2014-07-27T00:00:00,1,25850363.97843,27125244.478327
load,seasonal_persistence,2014-07-26T00:00:00,2014-07-27T00:00:00,1,25850363.97843,24484134.371966
load,lightgbm,2014-07-27T00:00:00,2014-07-28T00:00:00,1,26119701.860794,25859747.89814037
load,persistence,2014-07-27T00:00:00,2014-07-28T00:00:00,1,26119701.860794,25850363.97843
load,seasonal_persistence,2014-07-27T00:00:00,2014-07-28T00:00:00,1,26119701.860794,26027649.139673
load,lightgbm,2014-07-28T00:00:00,2014-07-29T00:00:00,1,27087816.723362,25980649.39883468
load,persistence,2014-07-28T00:00:00,2014-07-29T00:00:00,1,27087816.723362,26119701.860794
load,seasonal_persistence,2014-07-28T00:00:00,2014-07-29T00:00:00,1,27087816.723362,27144994.358131
load,lightgbm,2014-07-29T00:00:00,2014-07-30T00:00:00,1,26744944.271423,27011090.990640756
load,persistence,2014-07-29T00:00:00,2014-07-30T00:00:00,1,26744944.271423,27087816.723362
load,seasonal_persistence,2014-07-29T00:00:00,2014-07-30T00:00:00,1,26744944.271423,26566965.878486
load,lightgbm,2014-07-30T00:00:00,2014-07-31T00:00:00,1,25961921.460891,26480966.900252905
load,persistence,2014-07-30T00:00:00,2014-07-31T00:00:00,1,25961921.460891,26744944.271423
load,seasonal_persistence,2014-07-30T00:00:00,2014-07-31T00:00:00,1,25961921.460891,25738586.775834
load,lightgbm,2014-07-31T00:00:00,2014-08-01T00:00:00,1,25708337.791924,26494403.620629776
load,persistence,2014-07-31T00:00:00,2014-08-01T00:00:00,1,25708337.791924,25961921.460891
load,seasonal_persistence,2014-07-31T00:00:00,2014-08-01T00:00:00,1,25708337.791924,26545014.192344
load,lightgbm,2014-08-01T00:00:00,2014-08-02T00:00:00,1,25896250.151664,25440349.210058793
load,persistence,2014-08-01T00:00:00,2014-08-02T00:00:00,1,25896250.151664,25708337.791924
load,seasonal_persistence,2014-08-01T00:00:00,2014-08-02T00:00:00,1,25896250.151664,27125244.478327
load,lightgbm,2014-08-02T00:00:00,2014-08-03T00:00:00,1,25645417.275348,25759150.964877028
load,persistence,2014-08-02T00:00:00,2014-08-03T00:00:00,1,25645417.275348,25896250.151664
load,seasonal_persistence,2014-08-02T00:00:00,2014-08-03T00:00:00,1,25645417.275348,25850363.97843
load,lightgbm,2014-08-03T00:00:00,2014-08-04T00:00:00,1,25433482.63422,26001044.33340054
load,persistence,2014-08-03T00:00:00,2014-08-04T00:00:00,1,25433482.63422,25645417.275348
load,seasonal_persistence,2014-08-03T00:00:00,2014-08-04T00:00:00,1,25433482.63422,26119701.860794
load,lightgbm,2014-08-04T00:00:00,2014-08-05T00:00:00,1,27113038.927498,25898533.82943642
load,persistence,2014-08-04T00:00:00,2014-08-05T00:00:00,1,27113038.927498,25433482.63422
load,seasonal_persistence,2014-08-04T00:00:00,2014-08-05T00:00:00,1,27113038.927498,27087816.723362
load,lightgbm,2014-08-05T00:00:00,2014-08-06T00:00:00,1,27141796.756351,27181558.911565438
load,persistence,2014-08-05T00:00:00,2014-08-06T00:00:00,1,27141796.756351,27113038.927498
load,seasonal_persistence,2014-08-05T00:00:00,2014-08-06T00:00:00,1,27141796.756351,26744944.271423
load,lightgbm,2014-08-06T00:00:00,2014-08-07T00:00:00,1,27801776.748882,26265866.934099432
load,persistence,2014-08-06T00:00:00,2014-08-07T00:00:00,1,27801776.748882,27141796.756351
load,seasonal_persistence,2014-08-06T00:00:00,2014-08-07T00:00:00,1,27801776.748882,25961921.460891
load,lightgbm,2014-08-07T00:00:00,2014-08-08T00:00:00,1,28158429.911245,27516972.89060552
load,persistence,2014-08-07T00:00:00,2014-08-08T00:00:00,1,28158429.911245,27801776.748882
load,seasonal_persistence,2014-08-07T00:00:00,2014-08-08T00:00:00,1,28158429.911245,25708337.791924
load,lightgbm,2014-08-08T00:00:00,2014-08-09T00:00:00,1,27894717.08327,28535640.454872176
load,persistence,2014-08-08T00:00:00,2014-08-09T00:00:00,1,27894717.08327,28158429.911245
load,seasonal_persistence,2014-08-08T00:00:00,2014-08-09T00:00:00,1,27894717.08327,25896250.151664
load,lightgbm,2014-08-09T00:00:00,2014-08-10T00:00:00,1,27133708.138783,27773310.400078394
load,persistence,2014-08-09T00:00:00,2014-08-10T00:00:00,1,27133708.138783,27894717.08327
load,seasonal_persistence,2014-08-09T00:00:00,2014-08-10T00:00:00,1,27133708.138783,25645417.275348
load,lightgbm,2014-08-10T00:00:00,2014-08-11T00:00:00,1,27001485.458984,26379233.01174338
load,persistence,2014-08-10T00:00:00,2014-08-11T00:00:00,1,27001485.458984,27133708.138783
load,seasonal_persistence,2014-08-10T00:00:00,2014-08-11T00:00:00,1,27001485.458984,25433482.63422
load,lightgbm,2014-08-11T00:00:00,2014-08-12T00:00:00,1,27832858.084986,26466939.65645885
load,persistence,2014-08-11T00:00:00,2014-08-12T00:00:00,1,27832858.084986,27001485.458984
load,seasonal_persistence,2014-08-11T00:00:00,2014-08-12T00:00:00,1,27832858.084986,27113038.927498
load,lightgbm,2014-08-12T00:00:00,2014-08-13T00:00:00,1,26308941.229004,27668480.622255486
load,persistence,2014-08-12T00:00:00,2014-08-13T00:00:00,1,26308941.229004,27832858.084986
load,seasonal_persistence,2014-08-12T00:00:00,2014-08-13T00:00:00,1,26308941.229004,27141796.756351
load,lightgbm,2014-08-13T00:00:00,2014-08-14T00:00:00,1,26090942.518817,25982462.248736445
load,persistence,2014-08-13T00:00:00,2014-08-14T00:00:00,1,26090942.518817,26308941.229004
load,seasonal_persistence,2014-08-13T00:00:00,2014-08-14T00:00:00,1,26090942.518817,27801776.748882
load,lightgbm,2014-08-14T00:00:00,2014-08-15T00:00:00,1,26655764.650875,25880806.67530686
load,persistence,2014-08-14T00:00:00,2014-08-15T00:00:00,1,26655764.650875,26090942.518817
load,seasonal_persistence,2014-08-14T00:00:00,2014-08-15T00:00:00,1,26655764.650875,28158429.911245
load,lightgbm,2014-08-15T00:00:00,2014-08-16T00:00:00,1,26047814.315412,26664546.075510807
load,persistence,2014-08-15T00:00:00,2014-08-16T00:00:00,1,26047814.315412,26655764.650875
load,seasonal_persistence,2014-08-15T00:00:00,2014-08-16T00:00:00,1,26047814.315412,27894717.08327
load,lightgbm,2014-08-16T00:00:00,2014-08-17T00:00:00,1,26937847.789435,25861730.559205465
load,persistence,2014-08-16T00:00:00,2014-08-17T00:00:00,1,26937847.789435,26047814.315412
load,seasonal_persistence,2014-08-16T00:00:00,2014-08-17T00:00:00,1,26937847.789435,27133708.138783
load,lightgbm,2014-08-17T00:00:00,2014-08-18T00:00:00,1,26864622.200785,27652982.090799164
load,persistence,2014-08-17T00:00:00,2014-08-18T00:00:00,1,26864622.200785,26937847.789435
load,seasonal_persistence,2014-08-17T00:00:00,2014-08-18T00:00:00,1,26864622.200785,27001485.458984
load,lightgbm,2014-08-18T00:00:00,2014-08-19T00:00:00,1,25785200.62335,26794129.48028414
load,persistence,2014-08-18T00:00:00,2014-08-19T00:00:00,1,25785200.62335,26864622.200785
load,seasonal_persistence,2014-08-18T00:00:00,2014-08-19T00:00:00,1,25785200.62335,27832858.084986
load,lightgbm,2014-08-19T00:00:00,2014-08-20T00:00:00,1,25547033.781481,25896035.257868208
load,persistence,2014-08-19T00:00:00,2014-08-20T00:00:00,1,25547033.781481,25785200.62335
load,seasonal_persistence,2014-08-19T00:00:00,2014-08-20T00:00:00,1,25547033.781481,26308941.229004
load,lightgbm,2014-08-20T00:00:00,2014-08-21T00:00:00,1,25722672.515885,25959452.507759202
load,persistence,2014-08-20T00:00:00,2014-08-21T00:00:00,1,25722672.515885,25547033.781481
load,seasonal_persistence,2014-08-20T00:00:00,2014-08-21T00:00:00,1,25722672.515885,26090942.518817
load,lightgbm,2014-08-21T00:00:00,2014-08-22T00:00:00,1,26011276.64604,26366312.398146622
load,persistence,2014-08-21T00:00:00,2014-08-22T00:00:00,1,26011276.64604,25722672.515885
load,seasonal_persistence,2014-08-21T00:00:00,2014-08-22T00:00:00,1,26011276.64604,26655764.650875
load,lightgbm,2014-08-22T00:00:00,2014-08-23T00:00:00,1,26017776.287293,26026333.351109862
load,persistence,2014-08-22T00:00:00,2014-08-23T00:00:00,1,26017776.287293,26011276.64604
load,seasonal_persistence,2014-08-22T00:00:00,2014-08-23T00:00:00,1,26017776.287293,26047814.315412
load,lightgbm,2014-08-23T00:00:00,2014-08-24T00:00:00,1,25493481.738751,25999133.916452784
load,persistence,2014-08-23T00:00:00,2014-08-24T00:00:00,1,25493481.738751,26017776.287293
load,seasonal_persistence,2014-08-23T00:00:00,2014-08-24T00:00:00,1,25493481.738751,26937847.789435
load,lightgbm,2014-08-24T00:00:00,2014-08-25T00:00:00,1,26542378.665151,25729416.752778243
load,persistence,2014-08-24T00:00:00,2014-08-25T00:00:00,1,26542378.665151,25493481.738751
load,seasonal_persistence,2014-08-24T00:00:00,2014-08-25T00:00:00,1,26542378.665151,26864622.200785
load,lightgbm,2014-08-25T00:00:00,2014-08-26T00:00:00,1,28634575.826141,26991278.47311734
load,persistence,2014-08-25T00:00:00,2014-08-26T00:00:00,1,28634575.826141,26542378.665151
load,seasonal_persistence,2014-08-25T00:00:00,2014-08-26T00:00:00,1,28634575.826141,25785200.62335
load,lightgbm,2014-08-26T00:00:00,2014-08-27T00:00:00,1,28727147.151609,28516642.435803343
load,persistence,2014-08-26T00:00:00,2014-08-27T00:00:00,1,28727147.151609,28634575.826141
load,seasonal_persistence,2014-08-26T00:00:00,2014-08-27T00:00:00,1,28727147.151609,25547033.781481
load,lightgbm,2014-08-27T00:00:00,2014-08-28T00:00:00,1,27654938.894566,28595458.553193185
load,persistence,2014-08-27T00:00:00,2014-08-28T00:00:00,1,27654938.894566,28727147.151609
load,seasonal_persistence,2014-08-27T00:00:00,2014-08-28T00:00:00,1,27654938.894566,25722672.515885
load,lightgbm,2014-08-28T00:00:00,2014-08-29T00:00:00,1,26842082.912108,27633979.705553986
load,persistence,2014-08-28T00:00:00,2014-08-29T00:00:00,1,26842082.912108,27654938.894566
load,seasonal_persistence,2014-08-28T00:00:00,2014-08-29T00:00:00,1,26842082.912108,26011276.64604
load,lightgbm,2014-08-29T00:00:00,2014-08-30T00:00:00,1,26587609.947072,25906500.27688359
load,persistence,2014-08-29T00:00:00,2014-08-30T00:00:00,1,26587609.947072,26842082.912108
load,seasonal_persistence,2014-08-29T00:00:00,2014-08-30T00:00:00,1,26587609.947072,26017776.287293
load,lightgbm,2014-08-30T00:00:00,2014-08-31T00:00:00,1,26277929.443793,25984796.37326524
load,persistence,2014-08-30T00:00:00,2014-08-31T00:00:00,1,26277929.443793,26587609.947072
load,seasonal_persistence,2014-08-30T00:00:00,2014-08-31T00:00:00,1,26277929.443793,25493481.738751
load,lightgbm,2014-08-31T00:00:00,2014-09-01T00:00:00,1,27674175.574411,26149742.731342543
load,persistence,2014-08-31T00:00:00,2014-09-01T00:00:00,1,27674175.574411,26277929.443793
load,seasonal_persistence,2014-08-31T00:00:00,2014-09-01T00:00:00,1,27674175.574411,26542378.665151
load,lightgbm,2014-09-01T00:00:00,2014-09-02T00:00:00,1,27726354.105903,28019863.481546573
load,persistence,2014-09-01T00:00:00,2014-09-02T00:00:00,1,27726354.105903,27674175.574411
load,seasonal_persistence,2014-09-01T00:00:00,2014-09-02T00:00:00,1,27726354.105903,28634575.826141
load,lightgbm,2014-09-02T00:00:00,2014-09-03T00:00:00,1,26616280.583753,27582255.916867767
load,persistence,2014-09-02T00:00:00,2014-09-03T00:00:00,1,26616280.583753,27726354.105903
load,seasonal_persistence,2014-09-02T00:00:00,2014-09-03T00:00:00,1,26616280.583753,28727147.151609
load,lightgbm,2014-09-03T00:00:00,2014-09-04T00:00:00,1,26380848.509666,26361919.195290525
load,persistence,2014-09-03T00:00:00,2014-09-04T00:00:00,1,26380848.509666,26616280.583753
load,seasonal_persistence,2014-09-03T00:00:00,2014-09-04T00:00:00,1,26380848.509666,27654938.894566
load,lightgbm,2014-09-04T00:00:00,2014-09-05T00:00:00,1,26442822.081094,26503508.06608484
load,persistence,2014-09-04T00:00:00,2014-09-05T00:00:00,1,26442822.081094,26380848.509666
load,seasonal_persistence,2014-09-04T00:00:00,2014-09-05T00:00:00,1,26442822.081094,26842082.912108
load,lightgbm,2014-09-05T00:00:00,2014-09-06T00:00:00,1,26971470.865229,26734694.827407774
load,persistence,2014-09-05T00:00:00,2014-09-06T00:00:00,1,26971470.865229,26442822.081094
load,seasonal_persistence,2014-09-05T00:00:00,2014-09-06T00:00:00,1,26971470.865229,26587609.947072
load,lightgbm,2014-09-06T00:00:00,2014-09-07T00:00:00,1,26425412.702797,26731099.073929206
load,persistence,2014-09-06T00:00:00,2014-09-07T00:00:00,1,26425412.702797,26971470.865229
load,seasonal_persistence,2014-09-06T00:00:00,2014-09-07T00:00:00,1,26425412.702797,26277929.443793
load,lightgbm,2014-09-07T00:00:00,2014-09-08T00:00:00,1,26756782.67098,26398510.064559918
load,persistence,2014-09-07T00:00:00,2014-09-08T00:00:00,1,26756782.67098,26425412.702797
load,seasonal_persistence,2014-09-07T00:00:00,2014-09-08T00:00:00,1,26756782.67098,27674175.574411
load,lightgbm,2014-09-08T00:00:00,2014-09-09T00:00:00,1,26802206.72707,26841849.55383024
load,persistence,2014-09-08T00:00:00,2014-09-09T00:00:00,1,26802206.72707,26756782.67098
load,seasonal_persistence,2014-09-08T00:00:00,2014-09-09T00:00:00,1,26802206.72707,27726354.105903
load,lightgbm,2014-09-09T00:00:00,2014-09-10T00:00:00,1,26030489.424833,26285420.90991326
load,persistence,2014-09-09T00:00:00,2014-09-10T00:00:00,1,26030489.424833,26802206.72707
load,seasonal_persistence,2014-09-09T00:00:00,2014-09-10T00:00:00,1,26030489.424833,26616280.583753
load,lightgbm,2014-09-10T00:00:00,2014-09-11T00:00:00,1,26256839.643699,26099856.879467387
load,persistence,2014-09-10T00:00:00,2014-09-11T00:00:00,1,26256839.643699,26030489.424833
load,seasonal_persistence,2014-09-10T00:00:00,2014-09-11T00:00:00,1,26256839.643699,26380848.509666
load,lightgbm,2014-09-11T00:00:00,2014-09-12T00:00:00,1,26525186.865769,26783999.453356843
load,persistence,2014-09-11T00:00:00,2014-09-12T00:00:00,1,26525186.865769,26256839.643699
load,seasonal_persistence,2014-09-11T00:00:00,2014-09-12T00:00:00,1,26525186.865769,26442822.081094
load,lightgbm,2014-09-12T00:00:00,2014-09-13T00:00:00,1,26126575.061527,26379938.539562203
load,persistence,2014-09-12T00:00:00,2014-09-13T00:00:00,1,26126575.061527,26525186.865769
load,seasonal_persistence,2014-09-12T00:00:00,2014-09-13T00:00:00,1,26126575.061527,26971470.865229
load,lightgbm,2014-09-13T00:00:00,2014-09-14T00:00:00,1,25379001.027488,25561200.328382365
load,persistence,2014-09-13T00:00:00,2014-09-14T00:00:00,1,25379001.027488,26126575.061527
load,seasonal_persistence,2014-09-13T00:00:00,2014-09-14T00:00:00,1,25379001.027488,26425412.702797
load,lightgbm,2014-09-14T00:00:00,2014-09-15T00:00:00,1,25371201.807936,26058382.598910213
load,persistence,2014-09-14T00:00:00,2014-09-15T00:00:00,1,25371201.807936,25379001.027488
load,seasonal_persistence,2014-09-14T00:00:00,2014-09-15T00:00:00,1,25371201.807936,26756782.67098
load,lightgbm,2014-09-15T00:00:00,2014-09-16T00:00:00,1,24940602.452339,26214872.00249167
load,persistence,2014-09-15T00:00:00,2014-09-16T00:00:00,1,24940602.452339,25371201.807936
load,seasonal_persistence,2014-09-15T00:00:00,2014-09-16T00:00:00,1,24940602.452339,26802206.72707
load,lightgbm,2014-09-16T00:00:00,2014-09-17T00:00:00,1,24321033.70409,25621599.625309702
load,persistence,2014-09-16T00:00:00,2014-09-17T00:00:00,1,24321033.70409,24940602.452339
load,seasonal_persistence,2014-09-16T00:00:00,2014-09-17T00:00:00,1,24321033.70409,26030489.424833
load,lightgbm,2014-09-17T00:00:00,2014-09-18T00:00:00,1,23956183.160675,24598605.02744981
load,persistence,2014-09-17T00:00:00,2014-09-18T00:00:00,1,23956183.160675,24321033.70409
load,seasonal_persistence,2014-09-17T00:00:00,2014-09-18T00:00:00,1,23956183.160675,26256839.643699
load,lightgbm,2014-09-18T00:00:00,2014-09-19T00:00:00,1,24089108.590757,24165909.266212497
load,persistence,2014-09-18T00:00:00,2014-09-19T00:00:00,1,24089108.590757,23956183.160675
load,seasonal_persistence,2014-09-18T00:00:00,2014-09-19T00:00:00,1,24089108.590757,26525186.865769
load,lightgbm,2014-09-19T00:00:00,2014-09-20T00:00:00,1,23798378.606447,23767606.888068542
load,persistence,2014-09-19T00:00:00,2014-09-20T00:00:00,1,23798378.606447,24089108.590757
load,seasonal_persistence,2014-09-19T00:00:00,2014-09-20T00:00:00,1,23798378.606447,26126575.061527
load,lightgbm,2014-09-20T00:00:00,2014-09-21T00:00:00,1,23616148.088984,23439006.390749265
load,persistence,2014-09-20T00:00:00,2014-09-21T00:00:00,1,23616148.088984,23798378.606447
load,seasonal_persistence,2014-09-20T00:00:00,2014-09-21T00:00:00,1,23616148.088984,25379001.027488
load,lightgbm,2014-09-21T00:00:00,2014-09-22T00:00:00,1,23360653.164643,23752385.494728938
load,persistence,2014-09-21T00:00:00,2014-09-22T00:00:00,1,23360653.164643,23616148.088984
load,seasonal_persistence,2014-09-21T00:00:00,2014-09-22T00:00:00,1,23360653.164643,25371201.807936
load,lightgbm,2014-09-22T00:00:00,2014-09-23T00:00:00,1,23574819.557213,23544467.478682704
load,persistence,2014-09-22T00:00:00,2014-09-23T00:00:00,1,23574819.557213,23360653.164643
load,seasonal_persistence,2014-09-22T00:00:00,2014-09-23T00:00:00,1,23574819.557213,24940602.452339
load,lightgbm,2014-09-23T00:00:00,2014-09-24T00:00:00,1,23365229.732502,23525594.904043537
load,persistence,2014-09-23T00:00:00,2014-09-24T00:00:00,1,23365229.732502,23574819.557213
load,seasonal_persistence,2014-09-23T00:00:00,2014-09-24T00:00:00,1,23365229.732502,24321033.70409
load,lightgbm,2014-09-24T00:00:00,2014-09-25T00:00:00,1,23174973.614385,23390421.967293777
load,persistence,2014-09-24T00:00:00,2014-09-25T00:00:00,1,23174973.614385,23365229.732502
load,seasonal_persistence,2014-09-24T00:00:00,2014-09-25T00:00:00,1,23174973.614385,23956183.160675
load,lightgbm,2014-09-25T00:00:00,2014-09-26T00:00:00,1,23571398.087514,23267706.61134394
load,persistence,2014-09-25T00:00:00,2014-09-26T00:00:00,1,23571398.087514,23174973.614385
load,seasonal_persistence,2014-09-25T00:00:00,2014-09-26T00:00:00,1,23571398.087514,24089108.590757
load,lightgbm,2014-09-26T00:00:00,2014-09-27T00:00:00,1,23873528.30106,23198952.31339666
load,persistence,2014-09-26T00:00:00,2014-09-27T00:00:00,1,23873528.30106,23571398.087514
load,seasonal_persistence,2014-09-26T00:00:00,2014-09-27T00:00:00,1,23873528.30106,23798378.606447
load,lightgbm,2014-09-27T00:00:00,2014-09-28T00:00:00,1,23055892.792878,23173454.44455831
load,persistence,2014-09-27T00:00:00,2014-09-28T00:00:00,1,23055892.792878,23873528.30106
load,seasonal_persistence,2014-09-27T00:00:00,2014-09-28T00:00:00,1,23055892.792878,23616148.088984
load,lightgbm,2014-09-28T00:00:00,2014-09-29T00:00:00,1,23094978.179056,23318395.636843596
load,persistence,2014-09-28T00:00:00,2014-09-29T00:00:00,1,23094978.179056,23055892.792878
load,seasonal_persistence,2014-09-28T00:00:00,2014-09-29T00:00:00,1,23094978.179056,23360653.164643
load,lightgbm,2014-09-29T00:00:00,2014-09-30T00:00:00,1,23130702.380967,23608091.066655822
load,persistence,2014-09-29T00:00:00,2014-09-30T00:00:00,1,23130702.380967,23094978.179056
load,seasonal_persistence,2014-09-29T00:00:00,2014-09-30T00:00:00,1,23130702.380967,23574819.557213
load,lightgbm,2014-09-30T00:00:00,2014-10-01T00:00:00,1,24129003.854952,23159707.980242502
load,persistence,2014-09-30T00:00:00,2014-10-01T00:00:00,1,24129003.854952,23130702.380967
load,seasonal_persistence,2014-09-30T00:00:00,2014-10-01T00:00:00,1,24129003.854952,23365229.732502
load,lightgbm,2014-10-01T00:00:00,2014-10-02T00:00:00,1,24724202.900391,23989854.056126904
load,persistence,2014-10-01T00:00:00,2014-10-02T00:00:00,1,24724202.900391,24129003.854952
load,seasonal_persistence,2014-10-01T00:00:00,2014-10-02T00:00:00,1,24724202.900391,23174973.614385
load,lightgbm,2014-10-02T00:00:00,2014-10-03T00:00:00,1,25143480.364894,25269684.139744803
load,persistence,2014-10-02T00:00:00,2014-10-03T00:00:00,1,25143480.364894,24724202.900391
load,seasonal_persistence,2014-10-02T00:00:00,2014-10-03T00:00:00,1,25143480.364894,23571398.087514
load,lightgbm,2014-10-03T00:00:00,2014-10-04T00:00:00,1,24108391.561352,25436000.147722684
load,persistence,2014-10-03T00:00:00,2014-10-04T00:00:00,1,24108391.561352,25143480.364894
load,seasonal_persistence,2014-10-03T00:00:00,2014-10-04T00:00:00,1,24108391.561352,23873528.30106
load,lightgbm,2014-10-04T00:00:00,2014-10-05T00:00:00,1,21520504.297636,23511270.212628808
load,persistence,2014-10-04T00:00:00,2014-10-05T00:00:00,1,21520504.297636,24108391.561352
load,seasonal_persistence,2014-10-04T00:00:00,2014-10-05T00:00:00,1,21520504.297636,23055892.792878
load,lightgbm,2014-10-05T00:00:00,2014-10-06T00:00:00,1,22265947.649268,21980140.008855965
load,persistence,2014-10-05T00:00:00,2014-10-06T00:00:00,1,22265947.649268,21520504.297636
load,seasonal_persistence,2014-10-05T00:00:00,2014-10-06T00:00:00,1,22265947.649268,23094978.179056
load,lightgbm,2014-10-06T00:00:00,2014-10-07T00:00:00,1,23180335.915634,22872345.629665926
load,persistence,2014-10-06T00:00:00,2014-10-07T00:00:00,1,23180335.915634,22265947.649268
load,seasonal_persistence,2014-10-06T00:00:00,2014-10-07T00:00:00,1,23180335.915634,23130702.380967
load,lightgbm,2014-10-07T00:00:00,2014-10-08T00:00:00,1,24031391.006297,23778792.313567005
load,persistence,2014-10-07T00:00:00,2014-10-08T00:00:00,1,24031391.006297,23180335.915634
load,seasonal_persistence,2014-10-07T00:00:00,2014-10-08T00:00:00,1,24031391.006297,24129003.854952
load,lightgbm,2014-10-08T00:00:00,2014-10-09T00:00:00,1,23196559.85076,24289346.170775823
load,persistence,2014-10-08T00:00:00,2014-10-09T00:00:00,1,23196559.85076,24031391.006297
load,seasonal_persistence,2014-10-08T00:00:00,2014-10-09T00:00:00,1,23196559.85076,24724202.900391
load,lightgbm,2014-10-09T00:00:00,2014-10-10T00:00:00,1,22770799.00539,23541595.43842883
load,persistence,2014-10-09T00:00:00,2014-10-10T00:00:00,1,22770799.00539,23196559.85076
load,seasonal_persistence,2014-10-09T00:00:00,2014-10-10T00:00:00,1,22770799.00539,25143480.364894
load,lightgbm,2014-10-10T00:00:00,2014-10-11T00:00:00,1,22008107.589553,22434749.50321904
load,persistence,2014-10-10T00:00:00,2014-10-11T00:00:00,1,22008107.589553,22770799.00539
load,seasonal_persistence,2014-10-10T00:00:00,2014-10-11T00:00:00,1,22008107.589553,24108391.561352
load,lightgbm,2014-10-11T00:00:00,2014-10-12T00:00:00,1,21135063.714306,21500631.008634232
load,persistence,2014-10-11T00:00:00,2014-10-12T00:00:00,1,21135063.714306,22008107.589553
load,seasonal_persistence,2014-10-11T00:00:00,2014-10-12T00:00:00,1,21135063.714306,21520504.297636
load,lightgbm,2014-10-12T00:00:00,2014-10-13T00:00:00,1,20137474.912561,22023129.142443337
load,persistence,2014-10-12T00:00:00,2014-10-13T00:00:00,1,20137474.912561,21135063.714306
load,seasonal_persistence,2014-10-12T00:00:00,2014-10-13T00:00:00,1,20137474.912561,22265947.649268
load,lightgbm,2014-10-13T00:00:00,2014-10-14T00:00:00,1,20466667.60762,20401200.876816094
load,persistence,2014-10-13T00:00:00,2014-10-14T00:00:00,1,20466667.60762,20137474.912561
load,seasonal_persistence,2014-10-13T00:00:00,2014-10-14T00:00:00,1,20466667.60762,23180335.915634
load,lightgbm,2014-10-14T00:00:00,2014-10-15T00:00:00,1,21978394.489883,20881710.306588426
load,persistence,2014-10-14T00:00:00,2014-10-15T00:00:00,1,21978394.489883,20466667.60762
load,seasonal_persistence,2014-10-14T00:00:00,2014-10-15T00:00:00,1,21978394.489883,24031391.006297
load,lightgbm,2014-10-15T00:00:00,2014-10-16T00:00:00,1,22970264.796129,22503226.018427815
load,persistence,2014-10-15T00:00:00,2014-10-16T00:00:00,1,22970264.796129,21978394.489883
load,seasonal_persistence,2014-10-15T00:00:00,2014-10-16T00:00:00,1,22970264.796129,23196559.85076
load,lightgbm,2014-10-16T00:00:00,2014-10-17T00:00:00,1,23140110.606393,23100074.54647278
load,persistence,2014-10-16T00:00:00,2014-10-17T00:00:00,1,23140110.606393,22970264.796129
load,seasonal_persistence,2014-10-16T00:00:00,2014-10-17T00:00:00,1,23140110.606393,22770799.00539
load,lightgbm,2014-10-17T00:00:00,2014-10-18T00:00:00,1,23018409.840034,23425473.680092964
load,persistence,2014-10-17T00:00:00,2014-10-18T00:00:00,1,23018409.840034,23140110.606393
load,seasonal_persistence,2014-10-17T00:00:00,2014-10-18T00:00:00,1,23018409.840034,22008107.589553
load,lightgbm,2014-10-18T00:00:00,2014-10-19T00:00:00,1,23214388.110552,22686713.494422365
load,persistence,2014-10-18T00:00:00,2014-10-19T00:00:00,1,23214388.110552,23018409.840034
load,seasonal_persistence,2014-10-18T00:00:00,2014-10-19T00:00:00,1,23214388.110552,21135063.714306
load,lightgbm,2014-10-19T00:00:00,2014-10-20T00:00:00,1,23835609.037471,23314685.91383015
load,persistence,2014-10-19T00:00:00,2014-10-20T00:00:00,1,23835609.037471,23214388.110552
load,seasonal_persistence,2014-10-19T00:00:00,2014-10-20T00:00:00,1,23835609.037471,20137474.912561
load,lightgbm,2014-10-20T00:00:00,2014-10-21T00:00:00,1,23959617.725299,24010746.28854421
load,persistence,2014-10-20T00:00:00,2014-10-21T00:00:00,1,23959617.725299,23835609.037471
load,seasonal_persistence,2014-10-20T00:00:00,2014-10-21T00:00:00,1,23959617.725299,20466667.60762
load,lightgbm,2014-10-21T00:00:00,2014-10-22T00:00:00,1,24718138.492858,23532204.21478232
load,persistence,2014-10-21T00:00:00,2014-10-22T00:00:00,1,24718138.492858,23959617.725299
load,seasonal_persistence,2014-10-21T00:00:00,2014-10-22T00:00:00,1,24718138.492858,21978394.489883
load,lightgbm,2014-10-22T00:00:00,2014-10-23T00:00:00,1,23181169.482322,24778413.32718928
load,persistence,2014-10-22T00:00:00,2014-10-23T00:00:00,1,23181169.482322,24718138.492858
load,seasonal_persistence,2014-10-22T00:00:00,2014-10-23T00:00:00,1,23181169.482322,22970264.796129
load,lightgbm,2014-10-23T00:00:00,2014-10-24T00:00:00,1,23673644.943988,23169749.880700924
load,persistence,2014-10-23T00:00:00,2014-10-24T00:00:00,1,23673644.943988,23181169.482322
load,seasonal_persistence,2014-10-23T00:00:00,2014-10-24T00:00:00,1,23673644.943988,23140110.606393
load,lightgbm,2014-10-24T00:00:00,2014-10-25T00:00:00,1,23277008.368234,23234975.231795266
load,persistence,2014-10-24T00:00:00,2014-10-25T00:00:00,1,23277008.368234,23673644.943988
load,seasonal_persistence,2014-10-24T00:00:00,2014-10-25T00:00:00,1,23277008.368234,23018409.840034
load,lightgbm,2014-10-25T00:00:00,2014-10-26T00:00:00,1,22181827.735989,23304472.071511414
load,persistence,2014-10-25T00:00:00,2014-10-26T00:00:00,1,22181827.735989,23277008.368234
load,seasonal_persistence,2014-10-25T00:00:00,2014-10-26T00:00:00,1,22181827.735989,23214388.110552
load,lightgbm,2014-10-26T00:00:00,2014-10-27T00:00:00,1,21836800.553491,22384097.765963864
load,persistence,2014-10-26T00:00:00,2014-10-27T00:00:00,1,21836800.553491,22181827.735989
load,seasonal_persistence,2014-10-26T00:00:00,2014-10-27T00:00:00,1,21836800.553491,23835609.037471
load,lightgbm,2014-10-27T00:00:00,2014-10-28T00:00:00,1,22028833.436936,22376773.439210474
load,persistence,2014-10-27T00:00:00,2014-10-28T00:00:00,1,22028833.436936,21836800.553491
load,seasonal_persistence,2014-10-27T00:00:00,2014-10-28T00:00:00,1,22028833.436936,23959617.725299
load,lightgbm,2014-10-28T00:00:00,2014-10-29T00:00:00,1,22281670.466566,22585875.035842653
load,persistence,2014-10-28T00:00:00,2014-10-29T00:00:00,1,22281670.466566,22028833.436936
load,seasonal_persistence,2014-10-28T00:00:00,2014-10-29T00:00:00,1,22281670.466566,24718138.492858
load,lightgbm,2014-10-29T00:00:00,2014-10-30T00:00:00,1,22198906.683404,22462790.926472895
load,persistence,2014-10-29T00:00:00,2014-10-30T00:00:00,1,22198906.683404,22281670.466566
load,seasonal_persistence,2014-10-29T00:00:00,2014-10-30T00:00:00,1,22198906.683404,23181169.482322
load,lightgbm,2014-10-30T00:00:00,2014-10-31T00:00:00,1,22317376.746126,22291285.025634762
load,persistence,2014-10-30T00:00:00,2014-10-31T00:00:00,1,22317376.746126,22198906.683404
load,seasonal_persistence,2014-10-30T00:00:00,2014-10-31T00:00:00,1,22317376.746126,23673644.943988
load,lightgbm,2014-10-31T00:00:00,2014-11-01T00:00:00,1,22387433.219782,22286665.477713857
load,persistence,2014-10-31T00:00:00,2014-11-01T00:00:00,1,22387433.219782,22317376.746126
load,seasonal_persistence,2014-10-31T00:00:00,2014-11-01T00:00:00,1,22387433.219782,23277008.368234
load,lightgbm,2014-11-01T00:00:00,2014-11-02T00:00:00,1,20776525.948901,21349234.591077037
load,persistence,2014-11-01T00:00:00,2014-11-02T00:00:00,1,20776525.948901,22387433.219782
load,seasonal_persistence,2014-11-01T00:00:00,2014-11-02T00:00:00,1,20776525.948901,22181827.735989
load,lightgbm,2014-11-02T00:00:00,2014-11-03T00:00:00,1,20501988.463421,20428443.405459896
load,persistence,2014-11-02T00:00:00,2014-11-03T00:00:00,1,20501988.463421,20776525.948901
load,seasonal_persistence,2014-11-02T00:00:00,2014-11-03T00:00:00,1,20501988.463421,21836800.553491
load,lightgbm,2014-11-03T00:00:00,2014-11-04T00:00:00,1,18893772.122201,20906827.698836394
load,persistence,2014-11-03T00:00:00,2014-11-04T00:00:00,1,18893772.122201,20501988.463421
load,seasonal_persistence,2014-11-03T00:00:00,2014-11-04T00:00:00,1,18893772.122201,22028833.436936
load,lightgbm,2014-11-04T00:00:00,2014-11-05T00:00:00,1,18726954.69976,18764437.870711412
load,persistence,2014-11-04T00:00:00,2014-11-05T00:00:00,1,18726954.69976,18893772.122201
load,seasonal_persistence,2014-11-04T00:00:00,2014-11-05T00:00:00,1,18726954.69976,22281670.466566
load,lightgbm,2014-11-05T00:00:00,2014-11-06T00:00:00,1,19093796.469118,19720539.07608441
load,persistence,2014-11-05T00:00:00,2014-11-06T00:00:00,1,19093796.469118,18726954.69976
load,seasonal_persistence,2014-11-05T00:00:00,2014-11-06T00:00:00,1,19093796.469118,22198906.683404
load,lightgbm,2014-11-06T00:00:00,2014-11-07T00:00:00,1,19829724.064997,19538738.257232208
load,persistence,2014-11-06T00:00:00,2014-11-07T00:00:00,1,19829724.064997,19093796.469118
load,seasonal_persistence,2014-11-06T00:00:00,2014-11-07T00:00:00,1,19829724.064997,22317376.746126
load,lightgbm,2014-11-07T00:00:00,2014-11-08T00:00:00,1,20061990.802933,19831289.619393412
load,persistence,2014-11-07T00:00:00,2014-11-08T00:00:00,1,20061990.802933,19829724.064997
load,seasonal_persistence,2014-11-07T00:00:00,2014-11-08T00:00:00,1,20061990.802933,22387433.219782
load,lightgbm,2014-11-08T00:00:00,2014-11-09T00:00:00,1,18565535.888546,19501923.031268977
load,persistence,2014-11-08T00:00:00,2014-11-09T00:00:00,1,18565535.888546,20061990.802933
load,seasonal_persistence,2014-11-08T00:00:00,2014-11-09T00:00:00,1,18565535.888546,20776525.948901
load,lightgbm,2014-11-09T00:00:00,2014-11-10T00:00:00,1,18767260.886137,18555607.383605994
load,persistence,2014-11-09T00:00:00,2014-11-10T00:00:00,1,18767260.886137,18565535.888546
load,seasonal_persistence,2014-11-09T00:00:00,2014-11-10T00:00:00,1,18767260.886137,20501988.463421
load,lightgbm,2014-11-10T00:00:00,2014-11-11T00:00:00,1,19882303.992387,19328217.767948598
load,persistence,2014-11-10T00:00:00,2014-11-11T00:00:00,1,19882303.992387,18767260.886137
load,seasonal_persistence,2014-11-10T00:00:00,2014-11-11T00:00:00,1,19882303.992387,18893772.122201
load,lightgbm,2014-11-11T00:00:00,2014-11-12T00:00:00,1,19857714.137757,19894227.860296797
load,persistence,2014-11-11T00:00:00,2014-11-12T00:00:00,1,19857714.137757,19882303.992387
load,seasonal_persistence,2014-11-11T00:00:00,2014-11-12T00:00:00,1,19857714.137757,18726954.69976
load,lightgbm,2014-11-12T00:00:00,2014-11-13T00:00:00,1,19837510.437936,19930707.56128238
load,persistence,2014-11-12T00:00:00,2014-11-13T00:00:00,1,19837510.437936,19857714.137757
load,seasonal_persistence,2014-11-12T00:00:00,2014-11-13T00:00:00,1,19837510.437936,19093796.469118
load,lightgbm,2014-11-13T00:00:00,2014-11-14T00:00:00,1,19800575.703785,19939848.09512945
load,persistence,2014-11-13T00:00:00,2014-11-14T00:00:00,1,19800575.703785,19837510.437936
load,seasonal_persistence,2014-11-13T00:00:00,2014-11-14T00:00:00,1,19800575.703785,19829724.064997
load,lightgbm,2014-11-14T00:00:00,2014-11-15T00:00:00,1,19421788.322795,19492173.772573993
load,persistence,2014-11-14T00:00:00,2014-11-15T00:00:00,1,19421788.322795,19800575.703785
load,seasonal_persistence,2014-11-14T00:00:00,2014-11-15T00:00:00,1,19421788.322795,20061990.802933
load,lightgbm,2014-11-15T00:00:00,2014-11-16T00:00:00,1,18448176.182976,18814133.97213758
load,persistence,2014-11-15T00:00:00,2014-11-16T00:00:00,1,18448176.182976,19421788.322795
load,seasonal_persistence,2014-11-15T00:00:00,2014-11-16T00:00:00,1,18448176.182976,18565535.888546
load,lightgbm,2014-11-16T00:00:00,2014-11-17T00:00:00,1,18956326.339261,17767481.833964515
load,persistence,2014-11-16T00:00:00,2014-11-17T00:00:00,1,18956326.339261,18448176.182976
load,seasonal_persistence,2014-11-16T00:00:00,2014-11-17T00:00:00,1,18956326.339261,18767260.886137
load,lightgbm,2014-11-17T00:00:00,2014-11-18T00:00:00,1,19588484.747556,19565258.126254022
load,persistence,2014-11-17T00:00:00,2014-11-18T00:00:00,1,19588484.747556,18956326.339261
load,seasonal_persistence,2014-11-17T00:00:00,2014-11-18T00:00:00,1,19588484.747556,19882303.992387
load,lightgbm,2014-11-18T00:00:00,2014-11-19T00:00:00,1,19928716.075709,19409151.509658325
load,persistence,2014-11-18T00:00:00,2014-11-19T00:00:00,1,19928716.075709,19588484.747556
load,seasonal_persistence,2014-11-18T00:00:00,2014-11-19T00:00:00,1,19928716.075709,19857714.137757
load,lightgbm,2014-11-19T00:00:00,2014-11-20T00:00:00,1,19849714.78085,19874341.72729704
load,persistence,2014-11-19T00:00:00,2014-11-20T00:00:00,1,19849714.78085,19928716.075709
load,seasonal_persistence,2014-11-19T00:00:00,2014-11-20T00:00:00,1,19849714.78085,19837510.437936
load,lightgbm,2014-11-20T00:00:00,2014-11-21T00:00:00,1,20378879.138781,20062793.97632893
load,persistence,2014-11-20T00:00:00,2014-11-21T00:00:00,1,20378879.138781,19849714.78085
load,seasonal_persistence,2014-11-20T00:00:00,2014-11-21T00:00:00,1,20378879.138781,19800575.703785
load,lightgbm,2014-11-21T00:00:00,2014-11-22T00:00:00,1,20389946.537325,20249978.714230966
load,persistence,2014-11-21T00:00:00,2014-11-22T00:00:00,1,20389946.537325,20378879.138781
load,seasonal_persistence,2014-11-21T00:00:00,2014-11-22T00:00:00,1,20389946.537325,19421788.322795
load,lightgbm,2014-11-22T00:00:00,2014-11-23T00:00:00,1,19489762.067097,19820307.76421774
load,persistence,2014-11-22T00:00:00,2014-11-23T00:00:00,1,19489762.067097,20389946.537325
load,seasonal_persistence,2014-11-22T00:00:00,2014-11-23T00:00:00,1,19489762.067097,18448176.182976
load,lightgbm,2014-11-23T00:00:00,2014-11-24T00:00:00,1,19396314.671546,19730610.181630645
load,persistence,2014-11-23T00:00:00,2014-11-24T00:00:00,1,19396314.671546,19489762.067097
load,seasonal_persistence,2014-11-23T00:00:00,2014-11-24T00:00:00,1,19396314.671546,18956326.339261
load,lightgbm,2014-11-24T00:00:00,2014-11-25T00:00:00,1,19260914.86115,19434319.96290713
load,persistence,2014-11-24T00:00:00,2014-11-25T00:00:00,1,19260914.86115,19396314.671546
load,seasonal_persistence,2014-11-24T00:00:00,2014-11-25T00:00:00,1,19260914.86115,19588484.747556
load,lightgbm,2014-11-25T00:00:00,2014-11-26T00:00:00,1,18890870.190657,19153938.26576349
load,persistence,2014-11-25T00:00:00,2014-11-26T00:00:00,1,18890870.190657,19260914.86115
load,seasonal_persistence,2014-11-25T00:00:00,2014-11-26T00:00:00,1,18890870.190657,19928716.075709
load,lightgbm,2014-11-26T00:00:00,2014-11-27T00:00:00,1,18915707.209177,19050051.830467105
load,persistence,2014-11-26T00:00:00,2014-11-27T00:00:00,1,18915707.209177,18890870.190657
load,seasonal_persistence,2014-11-26T00:00:00,2014-11-27T00:00:00,1,18915707.209177,19849714.78085
load,lightgbm,2014-11-27T00:00:00,2014-11-28T00:00:00,1,19280313.792284,19701758.71894569
load,persistence,2014-11-27T00:00:00,2014-11-28T00:00:00,1,19280313.792284,18915707.209177
load,seasonal_persistence,2014-11-27T00:00:00,2014-11-28T00:00:00,1,19280313.792284,20378879.138781
load,lightgbm,2014-11-28T00:00:00,2014-11-29T00:00:00,1,19055375.670015,19542082.258041106
load,persistence,2014-11-28T00:00:00,2014-11-29T00:00:00,1,19055375.670015,19280313.792284
load,seasonal_persistence,2014-11-28T00:00:00,2014-11-29T00:00:00,1,19055375.670015,20389946.537325
load,lightgbm,2014-11-29T00:00:00,2014-11-30T00:00:00,1,18826512.443359,18777011.16518121
load,persistence,2014-11-29T00:00:00,2014-11-30T00:00:00,1,18826512.443359,19055375.670015
load,seasonal_persistence,2014-11-29T00:00:00,2014-11-30T00:00:00,1,18826512.443359,19489762.067097
load,lightgbm,2014-11-30T00:00:00,2014-12-01T00:00:00,1,19025529.726128,19419197.41329347
load,persistence,2014-11-30T00:00:00,2014-12-01T00:00:00,1,19025529.726128,18826512.443359
load,seasonal_persistence,2014-11-30T00:00:00,2014-12-01T00:00:00,1,19025529.726128,19396314.671546
load,lightgbm,2014-12-01T00:00:00,2014-12-02T00:00:00,1,18922572.69752,19372983.547961272
load,persistence,2014-12-01T00:00:00,2014-12-02T00:00:00,1,18922572.69752,19025529.726128
load,seasonal_persistence,2014-12-01T00:00:00,2014-12-02T00:00:00,1,18922572.69752,19260914.86115
load,lightgbm,2014-12-02T00:00:00,2014-12-03T00:00:00,1,18811279.108853,18955779.45821343
load,persistence,2014-12-02T00:00:00,2014-12-03T00:00:00,1,18811279.108853,18922572.69752
load,seasonal_persistence,2014-12-02T00:00:00,2014-12-03T00:00:00,1,18811279.108853,18890870.190657
load,lightgbm,2014-12-03T00:00:00,2014-12-04T00:00:00,1,18889163.300969,19174475.71000031
load,persistence,2014-12-03T00:00:00,2014-12-04T00:00:00,1,18889163.300969,18811279.108853
load,seasonal_persistence,2014-12-03T00:00:00,2014-12-04T00:00:00,1,18889163.300969,18915707.209177
load,lightgbm,2014-12-04T00:00:00,2014-12-05T00:00:00,1,18902207.903456,18996455.293713678
load,persistence,2014-12-04T00:00:00,2014-12-05T00:00:00,1,18902207.903456,18889163.300969
load,seasonal_persistence,2014-12-04T00:00:00,2014-12-05T00:00:00,1,18902207.903456,19280313.792284
load,lightgbm,2014-12-05T00:00:00,2014-12-06T00:00:00,1,18839206.298145,18915888.01104173
load,persistence,2014-12-05T00:00:00,2014-12-06T00:00:00,1,18839206.298145,18902207.903456
load,seasonal_persistence,2014-12-05T00:00:00,2014-12-06T00:00:00,1,18839206.298145,19055375.670015
load,lightgbm,2014-12-06T00:00:00,2014-12-07T00:00:00,1,18325892.379157,18649752.030650932
load,persistence,2014-12-06T00:00:00,2014-12-07T00:00:00,1,18325892.379157,18839206.298145
load,seasonal_persistence,2014-12-06T00:00:00,2014-12-07T00:00:00,1,18325892.379157,18826512.443359
load,lightgbm,2014-12-07T00:00:00,2014-12-08T00:00:00,1,18728505.492356,18229178.66303778
load,persistence,2014-12-07T00:00:00,2014-12-08T00:00:00,1,18728505.492356,18325892.379157
load,seasonal_persistence,2014-12-07T00:00:00,2014-12-08T00:00:00,1,18728505.492356,19025529.726128
load,lightgbm,2014-12-08T00:00:00,2014-12-09T00:00:00,1,18684856.4093,19122393.720080905
load,persistence,2014-12-08T00:00:00,2014-12-09T00:00:00,1,18684856.4093,18728505.492356
load,seasonal_persistence,2014-12-08T00:00:00,2014-12-09T00:00:00,1,18684856.4093,18922572.69752
load,lightgbm,2014-12-09T00:00:00,2014-12-10T00:00:00,1,19108384.109536,18555449.990478404
load,persistence,2014-12-09T00:00:00,2014-12-10T00:00:00,1,19108384.109536,18684856.4093
load,seasonal_persistence,2014-12-09T00:00:00,2014-12-10T00:00:00,1,19108384.109536,18811279.108853
load,lightgbm,2014-12-10T00:00:00,2014-12-11T00:00:00,1,19169587.780199,19099846.495491955
load,persistence,2014-12-10T00:00:00,2014-12-11T00:00:00,1,19169587.780199,19108384.109536
load,seasonal_persistence,2014-12-10T00:00:00,2014-12-11T00:00:00,1,19169587.780199,18889163.300969
load,lightgbm,2014-12-11T00:00:00,2014-12-12T00:00:00,1,19516170.023239,19246417.506491538
load,persistence,2014-12-11T00:00:00,2014-12-12T00:00:00,1,19516170.023239,19169587.780199
load,seasonal_persistence,2014-12-11T00:00:00,2014-12-12T00:00:00,1,19516170.023239,18902207.903456
load,lightgbm,2014-12-12T00:00:00,2014-12-13T00:00:00,1,18673577.04353,19498997.062711492
load,persistence,2014-12-12T00:00:00,2014-12-13T00:00:00,1,18673577.04353,19516170.023239
load,seasonal_persistence,2014-12-12T00:00:00,2014-12-13T00:00:00,1,18673577.04353,18839206.298145
load,lightgbm,2014-12-13T00:00:00,2014-12-14T00:00:00,1,17865615.967229,17985605.449856862
load,persistence,2014-12-13T00:00:00,2014-12-14T00:00:00,1,17865615.967229,18673577.04353
load,seasonal_persistence,2014-12-13T00:00:00,2014-12-14T00:00:00,1,17865615.967229,18325892.379157
load,lightgbm,2014-12-14T00:00:00,2014-12-15T00:00:00,1,18833884.689421,18283138.41846459
load,persistence,2014-12-14T00:00:00,2014-12-15T00:00:00,1,18833884.689421,17865615.967229
load,seasonal_persistence,2014-12-14T00:00:00,2014-12-15T00:00:00,1,18833884.689421,18728505.492356
load,lightgbm,2014-12-15T00:00:00,2014-12-16T00:00:00,1,19502408.697254,19217320.733821977
load,persistence,2014-12-15T00:00:00,2014-12-16T00:00:00,1,19502408.697254,18833884.689421
load,seasonal_persistence,2014-12-15T00:00:00,2014-12-16T00:00:00,1,19502408.697254,18684856.4093
load,lightgbm,2014-12-16T00:00:00,2014-12-17T00:00:00,1,19481794.517746,19691287.96490704
load,persistence,2014-12-16T00:00:00,2014-12-17T00:00:00,1,19481794.517746,19502408.697254
load,seasonal_persistence,2014-12-16T00:00:00,2014-12-17T00:00:00,1,19481794.517746,19108384.109536
load,lightgbm,2014-12-17T00:00:00,2014-12-18T00:00:00,1,19299147.712411,19659885.005991235
load,persistence,2014-12-17T00:00:00,2014-12-18T00:00:00,1,19299147.712411,19481794.517746
load,seasonal_persistence,2014-12-17T00:00:00,2014-12-18T00:00:00,1,19299147.712411,19169587.780199
load,lightgbm,2014-12-18T00:00:00,2014-12-19T00:00:00,1,19492321.480088,19462987.465777308
load,persistence,2014-12-18T00:00:00,2014-12-19T00:00:00,1,19492321.480088,19299147.712411
load,seasonal_persistence,2014-12-18T00:00:00,2014-12-19T00:00:00,1,19492321.480088,19516170.023239
load,lightgbm,2014-12-19T00:00:00,2014-12-20T00:00:00,1,19371507.373781,19237226.887975533
load,persistence,2014-12-19T00:00:00,2014-12-20T00:00:00,1,19371507.373781,19492321.480088
load,seasonal_persistence,2014-12-19T00:00:00,2014-12-20T00:00:00,1,19371507.373781,18673577.04353
load,lightgbm,2014-12-20T00:00:00,2014-12-21T00:00:00,1,19233432.230118,18891912.415574793
load,persistence,2014-12-20T00:00:00,2014-12-21T00:00:00,1,19233432.230118,19371507.373781
load,seasonal_persistence,2014-12-20T00:00:00,2014-12-21T00:00:00,1,19233432.230118,17865615.967229
load,lightgbm,2014-12-21T00:00:00,2014-12-22T00:00:00,1,19707374.850744,19373158.488596022
load,persistence,2014-12-21T00:00:00,2014-12-22T00:00:00,1,19707374.850744,19233432.230118
load,seasonal_persistence,2014-12-21T00:00:00,2014-12-22T00:00:00,1,19707374.850744,18833884.689421
load,lightgbm,2014-12-22T00:00:00,2014-12-23T00:00:00,1,19828404.51166,19812771.44760024
load,persistence,2014-12-22T00:00:00,2014-12-23T00:00:00,1,19828404.51166,19707374.850744
load,seasonal_persistence,2014-12-22T00:00:00,2014-12-23T00:00:00,1,19828404.51166,19502408.697254
load,lightgbm,2014-12-23T00:00:00,2014-12-24T00:00:00,1,17314108.695237,20021441.47423229
load,persistence,2014-12-23T00:00:00,2014-12-24T00:00:00,1,17314108.695237,19828404.51166
load,seasonal_persistence,2014-12-23T00:00:00,2014-12-24T00:00:00,1,17314108.695237,19481794.517746
load,lightgbm,2014-12-24T00:00:00,2014-12-25T00:00:00,1,10709144.072137,17452265.46824926
load,persistence,2014-12-24T00:00:00,2014-12-25T00:00:00,1,10709144.072137,17314108.695237
load,seasonal_persistence,2014-12-24T00:00:00,2014-12-25T00:00:00,1,10709144.072137,19299147.712411
load,lightgbm,2014-12-25T00:00:00,2014-12-26T00:00:00,1,18714893.918186,18033377.44765401
load,persistence,2014-12-25T00:00:00,2014-12-26T00:00:00,1,18714893.918186,10709144.072137
load,seasonal_persistence,2014-12-25T00:00:00,2014-12-26T00:00:00,1,18714893.918186,19492321.480088
load,lightgbm,2014-12-26T00:00:00,2014-12-27T00:00:00,1,19023230.751846,19155911.58466879
load,persistence,2014-12-26T00:00:00,2014-12-27T00:00:00,1,19023230.751846,18714893.918186
load,seasonal_persistence,2014-12-26T00:00:00,2014-12-27T00:00:00,1,19023230.751846,19371507.373781
load,lightgbm,2014-12-27T00:00:00,2014-12-28T00:00:00,1,18936099.048236,18938361.23014079
load,persistence,2014-12-27T00:00:00,2014-12-28T00:00:00,1,18936099.048236,19023230.751846
load,seasonal_persistence,2014-12-27T00:00:00,2014-12-28T00:00:00,1,18936099.048236,19233432.230118
load,lightgbm,2014-12-28T00:00:00,2014-12-29T00:00:00,1,19323299.383125,19552302.801440716
load,persistence,2014-12-28T00:00:00,2014-12-29T00:00:00,1,19323299.383125,18936099.048236
load,seasonal_persistence,2014-12-28T00:00:00,2014-12-29T00:00:00,1,19323299.383125,19707374.850744
load,lightgbm,2014-12-29T00:00:00,2014-12-30T00:00:00,1,19326169.08185,19515570.892298568
load,persistence,2014-12-29T00:00:00,2014-12-30T00:00:00,1,19326169.08185,19323299.383125
load,seasonal_persistence,2014-12-29T00:00:00,2014-12-30T00:00:00,1,19326169.08185,19828404.51166
load,lightgbm,2014-12-30T00:00:00,2014-12-31T00:00:00,1,17363037.535273,18928575.50488666
load,persistence,2014-12-30T00:00:00,2014-12-31T00:00:00,1,17363037.535273,19326169.08185
load,seasonal_persistence,2014-12-30T00:00:00,2014-12-31T00:00:00,1,17363037.535273,17314108.695237
