domain,baseline,horizon,n_a,n_b,n_common,dropped_a,dropped_b,verified
load,persistence,1,301,301,301,0,0,True
load,seasonal_persistence,1,301,301,301,0,0,True
pm25,persistence,1,344,344,344,0,0,True
pm25,persistence,2,342,342,342,0,0,True
pm25,persistence,3,344,344,344,0,0,True
pm25,persistence,4,344,344,344,0,0,True
pm25,persistence,5,344,344,344,0,0,True
pm25,persistence,6,346,346,346,0,0,True
pm25,persistence,7,344,344,344,0,0,True
pm25,persistence,8,345,345,345,0,0,True
pm25,persistence,9,345,345,345,0,0,True
pm25,persistence,10,343,343,343,0,0,True
pm25,persistence,11,341,341,341,0,0,True
pm25,persistence,12,344,344,344,0,0,True
pm25,persistence,13,344,344,344,0,0,True
pm25,persistence,14,340,340,340,0,0,True
pm25,persistence,15,340,340,340,0,0,True
pm25,persistence,16,328,328,328,0,0,True
pm25,persistence,17,332,332,332,0,0,True
pm25,persistence,18,345,345,345,0,0,True
pm25,persistence,19,341,341,341,0,0,True
pm25,persistence,20,343,343,343,0,0,True
pm25,persistence,21,344,344,344,0,0,True
pm25,persistence,22,344,344,344,0,0,True
pm25,persistence,23,345,345,345,0,0,True
pm25,persistence,24,343,343,343,0,0,True
pm25,persistence,25,341,341,341,0,0,True
pm25,persistence,26,339,339,339,0,0,True
pm25,persistence,27,341,341,341,0,0,True
pm25,persistence,28,341,341,341,0,0,True
pm25,persistence,29,341,341,341,0,0,True
pm25,persistence,30,343,343,343,0,0,True
pm25,persistence,31,341,341,341,0,0,True
pm25,persistence,32,342,342,342,0,0,True
pm25,persistence,33,343,343,343,0,0,True
pm25,persistence,34,341,341,341,0,0,True
pm25,persistence,35,339,339,339,0,0,True
pm25,persistence,36,343,343,343,0,0,True
pm25,persistence,37,343,343,343,0,0,True
pm25,persistence,38,339,339,339,0,0,True
pm25,persistence,39,339,339,339,0,0,True
pm25,persistence,40,328,328,328,0,0,True
pm25,persistence,41,332,332,332,0,0,True
pm25,persistence,42,344,344,344,0,0,True
pm25,persistence,43,340,340,340,0,0,True
pm25,persistence,44,342,342,342,0,0,True
pm25,persistence,45,343,343,343,0,0,True
pm25,persistence,46,343,343,343,0,0,True
pm25,persistence,47,344,344,344,0,0,True
pm25,persistence,48,341,341,341,0,0,True
pm25,seasonal_persistence,1,344,344,344,0,0,True
pm25,seasonal_persistence,2,342,342,342,0,0,True
pm25,seasonal_persistence,3,344,344,344,0,0,True
pm25,seasonal_persistence,4,344,344,344,0,0,True
pm25,seasonal_persistence,5,344,344,344,0,0,True
pm25,seasonal_persistence,6,346,346,346,0,0,True
pm25,seasonal_persistence,7,344,344,344,0,0,True
pm25,seasonal_persistence,8,345,345,345,0,0,True
pm25,seasonal_persistence,9,345,345,345,0,0,True
pm25,seasonal_persistence,10,343,343,343,0,0,True
pm25,seasonal_persistence,11,341,341,341,0,0,True
pm25,seasonal_persistence,12,344,344,344,0,0,True
pm25,seasonal_persistence,13,344,344,344,0,0,True
pm25,seasonal_persistence,14,340,340,340,0,0,True
pm25,seasonal_persistence,15,340,340,340,0,0,True
pm25,seasonal_persistence,16,328,328,328,0,0,True
pm25,seasonal_persistence,17,332,332,332,0,0,True
pm25,seasonal_persistence,18,345,345,345,0,0,True
pm25,seasonal_persistence,19,341,341,341,0,0,True
pm25,seasonal_persistence,20,343,343,343,0,0,True
pm25,seasonal_persistence,21,344,344,344,0,0,True
pm25,seasonal_persistence,22,344,344,344,0,0,True
pm25,seasonal_persistence,23,345,345,345,0,0,True
pm25,seasonal_persistence,24,343,343,343,0,0,True
pm25,seasonal_persistence,25,341,341,341,0,0,True
pm25,seasonal_persistence,26,339,339,339,0,0,True
pm25,seasonal_persistence,27,341,341,341,0,0,True
pm25,seasonal_persistence,28,341,341,341,0,0,True
pm25,seasonal_persistence,29,341,341,341,0,0,True
pm25,seasonal_persistence,30,343,343,343,0,0,True
pm25,seasonal_persistence,31,341,341,341,0,0,True
pm25,seasonal_persistence,32,342,342,342,0,0,True
pm25,seasonal_persistence,33,343,343,343,0,0,True
pm25,seasonal_persistence,34,341,341,341,0,0,True
pm25,seasonal_persistence,35,339,339,339,0,0,True
pm25,seasonal_persistence,36,343,343,343,0,0,True
pm25,seasonal_persistence,37,343,343,343,0,0,True
pm25,seasonal_persistence,38,339,339,339,0,0,True
pm25,seasonal_persistence,39,339,339,339,0,0,True
pm25,seasonal_persistence,40,328,328,328,0,0,True
pm25,seasonal_persistence,41,332,332,332,0,0,True
pm25,seasonal_persistence,42,344,344,344,0,0,True
pm25,seasonal_persistence,43,340,340,340,0,0,True
pm25,seasonal_persistence,44,342,342,342,0,0,True
pm25,seasonal_persistence,45,343,343,343,0,0,True
pm25,seasonal_persistence,46,343,343,343,0,0,True
pm25,seasonal_persistence,47,344,344,344,0,0,True
pm25,seasonal_persistence,48,341,341,341,0,0,True
traffic,persistence,1,108,108,108,0,0,True
traffic,persistence,2,108,108,108,0,0,True
traffic,persistence,3,108,108,108,0,0,True
traffic,persistence,4,108,108,108,0,0,True
traffic,persistence,5,108,108,108,0,0,True
traffic,persistence,6,108,108,108,0,0,True
traffic,persistence,7,108,108,108,0,0,True
traffic,persistence,8,108,108,108,0,0,True
traffic,persistence,9,108,108,108,0,0,True
traffic,persistence,10,108,108,108,0,0,True
traffic,persistence,11,108,108,108,0,0,True
traffic,persistence,12,108,108,108,0,0,True
traffic,persistence,13,108,108,108,0,0,True
traffic,persistence,14,108,108,108,0,0,True
traffic,persistence,15,108,108,108,0,0,True
traffic,persistence,16,108,108,108,0,0,True
traffic,persistence,17,108,108,108,0,0,True
traffic,persistence,18,107,107,107,0,0,True
traffic,persistence,19,107,107,107,0,0,True
traffic,persistence,20,107,107,107,0,0,True
traffic,persistence,21,107,107,107,0,0,True
traffic,persistence,22,107,107,107,0,0,True
traffic,persistence,23,107,107,107,0,0,True
traffic,persistence,24,106,106,106,0,0,True
traffic,persistence,25,106,106,106,0,0,True
traffic,persistence,26,106,106,106,0,0,True
traffic,persistence,27,106,106,106,0,0,True
traffic,persistence,28,106,106,106,0,0,True
traffic,persistence,29,106,106,106,0,0,True
traffic,persistence,30,106,106,106,0,0,True
traffic,persistence,31,106,106,106,0,0,True
traffic,persistence,32,106,106,106,0,0,True
traffic,persistence,33,106,106,106,0,0,True
traffic,persistence,34,106,106,106,0,0,True
traffic,persistence,35,106,106,106,0,0,True
traffic,persistence,36,106,106,106,0,0,True
traffic,persistence,37,106,106,106,0,0,True
traffic,persistence,38,106,106,106,0,0,True
traffic,persistence,39,106,106,106,0,0,True
traffic,persistence,40,106,106,106,0,0,True
traffic,persistence,41,106,106,106,0,0,True
traffic,persistence,42,105,105,105,0,0,True
traffic,persistence,43,105,105,105,0,0,True
traffic,persistence,44,105,105,105,0,0,True
traffic,persistence,45,105,105,105,0,0,True
traffic,persistence,46,105,105,105,0,0,True
traffic,persistence,47,105,105,105,0,0,True
traffic,persistence,48,104,104,104,0,0,True
traffic,persistence,49,104,104,104,0,0,True
traffic,persistence,50,104,104,104,0,0,True
traffic,persistence,51,104,104,104,0,0,True
traffic,persistence,52,104,104,104,0,0,True
traffic,persistence,53,104,104,104,0,0,True
traffic,persistence,54,104,104,104,0,0,True
traffic,persistence,55,104,104,104,0,0,True
traffic,persistence,56,104,104,104,0,0,True
traffic,persistence,57,104,104,104,0,0,True
traffic,persistence,58,104,104,104,0,0,True
traffic,persistence,59,104,104,104,0,0,True
traffic,persistence,60,104,104,104,0,0,True
traffic,persistence,61,104,104,104,0,0,True
traffic,persistence,62,104,104,104,0,0,True
traffic,persistence,63,104,104,104,0,0,True
traffic,persistence,64,104,104,104,0,0,True
traffic,persistence,65,104,104,104,0,0,True
traffic,persistence,66,103,103,103,0,0,True
traffic,persistence,67,103,103,103,0,0,True
traffic,persistence,68,103,103,103,0,0,True
traffic,persistence,69,103,103,103,0,0,True
traffic,persistence,70,103,103,103,0,0,True
traffic,persistence,71,103,103,103,0,0,True
traffic,persistence,72,102,102,102,0,0,True
traffic,seasonal_persistence,1,108,108,108,0,0,True
traffic,seasonal_persistence,2,108,108,108,0,0,True
traffic,seasonal_persistence,3,108,108,108,0,0,True
traffic,seasonal_persistence,4,108,108,108,0,0,True
traffic,seasonal_persistence,5,108,108,108,0,0,True
traffic,seasonal_persistence,6,108,108,108,0,0,True
traffic,seasonal_persistence,7,108,108,108,0,0,True
traffic,seasonal_persistence,8,108,108,108,0,0,True
traffic,seasonal_persistence,9,108,108,108,0,0,True
traffic,seasonal_persistence,10,108,108,108,0,0,True
traffic,seasonal_persistence,11,108,108,108,0,0,True
traffic,seasonal_persistence,12,108,108,108,0,0,True
traffic,seasonal_persistence,13,108,108,108,0,0,True
traffic,seasonal_persistence,14,108,108,108,0,0,True
traffic,seasonal_persistence,15,108,108,108,0,0,True
traffic,seasonal_persistence,16,108,108,108,0,0,True
traffic,seasonal_persistence,17,108,108,108,0,0,True
traffic,seasonal_persistence,18,107,107,107,0,0,True
traffic,seasonal_persistence,19,107,107,107,0,0,True
traffic,seasonal_persistence,20,107,107,107,0,0,True
traffic,seasonal_persistence,21,107,107,107,0,0,True
traffic,seasonal_persistence,22,107,107,107,0,0,True
traffic,seasonal_persistence,23,107,107,107,0,0,True
traffic,seasonal_persistence,24,106,106,106,0,0,True
traffic,seasonal_persistence,25,106,106,106,0,0,True
traffic,seasonal_persistence,26,106,106,106,0,0,True
traffic,seasonal_persistence,27,106,106,106,0,0,True
traffic,seasonal_persistence,28,106,106,106,0,0,True
traffic,seasonal_persistence,29,106,106,106,0,0,True
traffic,seasonal_persistence,30,106,106,106,0,0,True
traffic,seasonal_persistence,31,106,106,106,0,0,True
traffic,seasonal_persistence,32,106,106,106,0,0,True
traffic,seasonal_persistence,33,106,106,106,0,0,True
traffic,seasonal_persistence,34,106,106,106,0,0,True
traffic,seasonal_persistence,35,106,106,106,0,0,True
traffic,seasonal_persistence,36,106,106,106,0,0,True
traffic,seasonal_persistence,37,106,106,106,0,0,True
traffic,seasonal_persistence,38,106,106,106,0,0,True
traffic,seasonal_persistence,39,106,106,106,0,0,True
traffic,seasonal_persistence,40,106,106,106,0,0,True
traffic,seasonal_persistence,41,106,106,106,0,0,True
traffic,seasonal_persistence,42,105,105,105,0,0,True
traffic,seasonal_persistence,43,105,105,105,0,0,True
traffic,seasonal_persistence,44,105,105,105,0,0,True
traffic,seasonal_persistence,45,105,105,105,0,0,True
traffic,seasonal_persistence,46,105,105,105,0,0,True
traffic,seasonal_persistence,47,105,105,105,0,0,True
traffic,seasonal_persistence,48,104,104,104,0,0,True
traffic,seasonal_persistence,49,104,104,104,0,0,True
traffic,seasonal_persistence,50,104,104,104,0,0,True
traffic,seasonal_persistence,51,104,104,104,0,0,True
traffic,seasonal_persistence,52,104,104,104,0,0,True
traffic,seasonal_persistence,53,104,104,104,0,0,True
traffic,seasonal_persistence,54,104,104,104,0,0,True
traffic,seasonal_persistence,55,104,104,104,0,0,True
traffic,seasonal_persistence,56,104,104,104,0,0,True
traffic,seasonal_persistence,57,104,104,104,0,0,True
traffic,seasonal_persistence,58,104,104,104,0,0,True
traffic,seasonal_persistence,59,104,104,104,0,0,True
traffic,seasonal_persistence,60,104,104,104,0,0,True
traffic,seasonal_persistence,61,104,104,104,0,0,True
traffic,seasonal_persistence,62,104,104,104,0,0,True
traffic,seasonal_persistence,63,104,104,104,0,0,True
traffic,seasonal_persistence,64,104,104,104,0,0,True
traffic,seasonal_persistence,65,104,104,104,0,0,True
traffic,seasonal_persistence,66,103,103,103,0,0,True
traffic,seasonal_persistence,67,103,103,103,0,0,True
traffic,seasonal_persistence,68,103,103,103,0,0,True
traffic,seasonal_persistence,69,103,103,103,0,0,True
traffic,seasonal_persistence,70,103,103,103,0,0,True
traffic,seasonal_persistence,71,103,103,103,0,0,True
traffic,seasonal_persistence,72,102,102,102,0,0,True
wind,persistence,1,354,354,354,0,0,True
wind,persistence,2,354,354,354,0,0,True
wind,persistence,3,354,354,354,0,0,True
wind,persistence,4,354,354,354,0,0,True
wind,persistence,5,354,354,354,0,0,True
wind,persistence,6,354,354,354,0,0,True
wind,persistence,7,354,354,354,0,0,True
wind,persistence,8,354,354,354,0,0,True
wind,persistence,9,354,354,354,0,0,True
wind,persistence,10,354,354,354,0,0,True
wind,persistence,11,354,354,354,0,0,True
wind,persistence,12,354,354,354,0,0,True
wind,persistence,13,354,354,354,0,0,True
wind,persistence,14,354,354,354,0,0,True
wind,persistence,15,354,354,354,0,0,True
wind,persistence,16,354,354,354,0,0,True
wind,persistence,17,354,354,354,0,0,True
wind,persistence,18,353,353,353,0,0,True
wind,persistence,19,353,353,353,0,0,True
wind,persistence,20,353,353,353,0,0,True
wind,persistence,21,353,353,353,0,0,True
wind,persistence,22,353,353,353,0,0,True
wind,persistence,23,353,353,353,0,0,True
wind,persistence,24,352,352,352,0,0,True
wind,persistence,25,352,352,352,0,0,True
wind,persistence,26,352,352,352,0,0,True
wind,persistence,27,352,352,352,0,0,True
wind,persistence,28,352,352,352,0,0,True
wind,persistence,29,352,352,352,0,0,True
wind,persistence,30,352,352,352,0,0,True
wind,persistence,31,352,352,352,0,0,True
wind,persistence,32,352,352,352,0,0,True
wind,persistence,33,352,352,352,0,0,True
wind,persistence,34,352,352,352,0,0,True
wind,persistence,35,352,352,352,0,0,True
wind,persistence,36,352,352,352,0,0,True
wind,persistence,37,352,352,352,0,0,True
wind,persistence,38,352,352,352,0,0,True
wind,persistence,39,352,352,352,0,0,True
wind,persistence,40,352,352,352,0,0,True
wind,persistence,41,352,352,352,0,0,True
wind,persistence,42,351,351,351,0,0,True
wind,persistence,43,351,351,351,0,0,True
wind,persistence,44,351,351,351,0,0,True
wind,persistence,45,351,351,351,0,0,True
wind,persistence,46,351,351,351,0,0,True
wind,persistence,47,351,351,351,0,0,True
wind,persistence,48,350,350,350,0,0,True
wind,seasonal_persistence,1,354,354,354,0,0,True
wind,seasonal_persistence,2,354,354,354,0,0,True
wind,seasonal_persistence,3,354,354,354,0,0,True
wind,seasonal_persistence,4,354,354,354,0,0,True
wind,seasonal_persistence,5,354,354,354,0,0,True
wind,seasonal_persistence,6,354,354,354,0,0,True
wind,seasonal_persistence,7,354,354,354,0,0,True
wind,seasonal_persistence,8,354,354,354,0,0,True
wind,seasonal_persistence,9,354,354,354,0,0,True
wind,seasonal_persistence,10,354,354,354,0,0,True
wind,seasonal_persistence,11,354,354,354,0,0,True
wind,seasonal_persistence,12,354,354,354,0,0,True
wind,seasonal_persistence,13,354,354,354,0,0,True
wind,seasonal_persistence,14,354,354,354,0,0,True
wind,seasonal_persistence,15,354,354,354,0,0,True
wind,seasonal_persistence,16,354,354,354,0,0,True
wind,seasonal_persistence,17,354,354,354,0,0,True
wind,seasonal_persistence,18,353,353,353,0,0,True
wind,seasonal_persistence,19,353,353,353,0,0,True
wind,seasonal_persistence,20,353,353,353,0,0,True
wind,seasonal_persistence,21,353,353,353,0,0,True
wind,seasonal_persistence,22,353,353,353,0,0,True
wind,seasonal_persistence,23,353,353,353,0,0,True
wind,seasonal_persistence,24,352,352,352,0,0,True
wind,seasonal_persistence,25,352,352,352,0,0,True
wind,seasonal_persistence,26,352,352,352,0,0,True
wind,seasonal_persistence,27,352,352,352,0,0,True
wind,seasonal_persistence,28,352,352,352,0,0,True
wind,seasonal_persistence,29,352,352,352,0,0,True
wind,seasonal_persistence,30,352,352,352,0,0,True
wind,seasonal_persistence,31,352,352,352,0,0,True
wind,seasonal_persistence,32,352,352,352,0,0,True
wind,seasonal_persistence,33,352,352,352,0,0,True
wind,seasonal_persistence,34,352,352,352,0,0,True
wind,seasonal_persistence,35,352,352,352,0,0,True
wind,seasonal_persistence,36,352,352,352,0,0,True
wind,seasonal_persistence,37,352,352,352,0,0,True
wind,seasonal_persistence,38,352,352,352,0,0,True
wind,seasonal_persistence,39,352,352,352,0,0,True
wind,seasonal_persistence,40,352,352,352,0,0,True
wind,seasonal_persistence,41,352,352,352,0,0,True
wind,seasonal_persistence,42,351,351,351,0,0,True
wind,seasonal_persistence,43,351,351,351,0,0,True
wind,seasonal_persistence,44,351,351,351,0,0,True
wind,seasonal_persistence,45,351,351,351,0,0,True
wind,seasonal_persistence,46,351,351,351,0,0,True
wind,seasonal_persistence,47,351,351,351,0,0,True
wind,seasonal_persistence,48,350,350,350,0,0,True
