horizon,n_common,model_mae,baseline_mae,skill,domain,baseline
1,301,542895.3005538908,550905.9950632423,0.0145409463341052,load,persistence
1,301,542895.3005538908,1186201.4526139635,0.5423245357206875,load,seasonal_persistence
1,344,18.9421396584582,13.718023255813954,-0.3808213694659081,pm25,persistence
2,342,25.29634180000759,21.66959064327485,-0.1673659284310613,pm25,persistence
3,344,32.60556256954872,27.851744186046517,-0.1706829687845483,pm25,persistence
4,344,35.837116536638185,31.848837209302324,-0.1252252727823599,pm25,persistence
5,344,38.136729192724985,35.241279069767444,-0.0821607557780577,pm25,persistence
6,346,40.77462145713737,39.60115606936416,-0.0296320992679559,pm25,persistence
7,344,41.70843807776236,43.49127906976744,0.0409930687286778,pm25,persistence
8,345,44.07836237956549,46.278260869565216,0.0475363258831207,pm25,persistence
9,345,47.55502836571605,48.76811594202898,0.0248746040908151,pm25,persistence
10,343,50.094609412823,50.80174927113703,0.013919596637114,pm25,persistence
11,341,51.293755888866,50.98826979472141,-0.0059913014380459,pm25,persistence
12,344,54.28522068996502,54.11337209302326,-0.0031757140665036,pm25,persistence
13,344,54.98333491239081,56.50872093023256,0.0269938160469962,pm25,persistence
14,340,56.92985396424946,58.20588235294117,0.0219226706495797,pm25,persistence
15,340,58.28882265377205,57.98823529411764,-0.0051835921222609,pm25,persistence
16,328,59.253307114270285,59.14024390243903,-0.0019117812908884,pm25,persistence
17,332,62.53492470612897,60.51807228915663,-0.0333264484588302,pm25,persistence
18,345,64.56816423991373,61.66666666666666,-0.0470513119986011,pm25,persistence
19,341,69.02509373252673,63.146627565982406,-0.0930923216826087,pm25,persistence
20,343,72.38611258419299,66.08454810495627,-0.0953560954858689,pm25,persistence
21,344,72.14273201337484,67.01453488372093,-0.0765236547347827,pm25,persistence
22,344,73.3727697995038,69.13081395348837,-0.0613612888873178,pm25,persistence
23,345,75.12166473881899,72.45797101449276,-0.03676191434885,pm25,persistence
24,343,78.18476749254508,75.14285714285714,-0.0404816966688508,pm25,persistence
25,341,78.92974762156234,77.00293255131965,-0.0250226193523024,pm25,persistence
26,339,76.76351444247483,75.71386430678466,-0.0138633808391697,pm25,persistence
27,341,76.56680839871599,78.57184750733138,0.0255185435015805,pm25,persistence
28,341,75.7261132459972,78.95601173020528,0.0409075688276242,pm25,persistence
29,341,72.75908617097745,79.95014662756599,0.0899443060447011,pm25,persistence
30,343,72.81149540947422,80.1603498542274,0.0916769257883376,pm25,persistence
31,341,69.75334480782291,79.3900293255132,0.1213840654747483,pm25,persistence
32,342,69.51840618239667,79.90643274853801,0.1300023816459432,pm25,persistence
33,343,71.60084883338095,80.32069970845481,0.1085629346697035,pm25,persistence
34,341,72.17651800974885,80.51026392961877,0.1035115960761872,pm25,persistence
35,339,75.58634488060223,82.37463126843657,0.0824074873939424,pm25,persistence
36,343,77.24974150915041,84.57142857142857,0.0865740024255863,pm25,persistence
37,343,75.99099808434627,84.69679300291546,0.1027877751908447,pm25,persistence
38,339,76.30053786492067,83.84365781710915,0.089966494169929,pm25,persistence
39,339,77.63076212199323,85.53687315634218,0.0924292733953269,pm25,persistence
40,328,79.17840572974355,86.47560975609755,0.0843845339389407,pm25,persistence
41,332,75.74917336470104,85.36144578313252,0.1126067199336363,pm25,persistence
42,344,77.4993780101354,88.2063953488372,0.121385952757256,pm25,persistence
43,340,78.69018275662577,88.7235294117647,0.1130855222020564,pm25,persistence
44,342,80.70243710534253,91.546783625731,0.1184568817264318,pm25,persistence
45,343,79.43279898082677,91.83381924198252,0.1350376186411129,pm25,persistence
46,343,80.35865587197893,94.10204081632654,0.1460476821238414,pm25,persistence
47,344,81.55468568798273,96.98837209302326,0.159129244794807,pm25,persistence
48,341,82.75017273126049,100.56891495601172,0.1771794220166842,pm25,persistence
1,344,18.9421396584582,78.75,0.7594648932259276,pm25,seasonal_persistence
2,342,25.29634180000759,73.24853801169591,0.6546505570395356,pm25,seasonal_persistence
3,344,32.60556256954872,72.64825581395348,0.551185885961956,pm25,seasonal_persistence
4,344,35.837116536638185,69.94476744186046,0.4876369191387084,pm25,seasonal_persistence
5,344,38.136729192724985,67.02616279069767,0.4310172684088391,pm25,seasonal_persistence
6,346,40.77462145713737,66.91040462427746,0.3906086551695594,pm25,seasonal_persistence
7,344,41.70843807776236,64.59883720930233,0.354346922025459,pm25,seasonal_persistence
8,345,44.07836237956549,66.05797101449275,0.3327321184313253,pm25,seasonal_persistence
9,345,47.55502836571605,65.76811594202898,0.2769288326940486,pm25,seasonal_persistence
10,343,50.094609412823,63.43731778425656,0.2103290119675404,pm25,seasonal_persistence
11,341,51.293755888866,64.19648093841643,0.2009880426612168,pm25,seasonal_persistence
12,344,54.28522068996502,64.13953488372093,0.1536386912006903,pm25,seasonal_persistence
13,344,54.98333491239081,63.68313953488372,0.1366107997506532,pm25,seasonal_persistence
14,340,56.92985396424946,63.108823529411765,0.0979097568231898,pm25,seasonal_persistence
15,340,58.28882265377205,64.95294117647059,0.1025991802987458,pm25,seasonal_persistence
16,328,59.253307114270285,64.90853658536585,0.0871261280657278,pm25,seasonal_persistence
17,332,62.53492470612897,64.80722891566265,0.0350625115060969,pm25,seasonal_persistence
18,345,64.56816423991373,66.68695652173913,0.0317722144229914,pm25,seasonal_persistence
19,341,69.02509373252673,65.841642228739,-0.0483501230532519,pm25,seasonal_persistence
20,343,72.38611258419299,69.85131195335276,-0.0362885185683123,pm25,seasonal_persistence
21,344,72.14273201337484,68.34883720930233,-0.0555078178207273,pm25,seasonal_persistence
22,344,73.3727697995038,68.28488372093024,-0.0745096982132527,pm25,seasonal_persistence
23,345,75.12166473881899,71.45797101449276,-0.0512706094549366,pm25,seasonal_persistence
24,343,78.18476749254508,75.14285714285714,-0.0404816966688508,pm25,seasonal_persistence
25,341,78.92974762156234,102.51612903225806,0.2300748344026328,pm25,seasonal_persistence
26,339,76.76351444247483,98.63126843657815,0.2217121845914892,pm25,seasonal_persistence
27,341,76.56680839871599,97.14076246334312,0.2117952705218972,pm25,seasonal_persistence
28,341,75.7261132459972,95.5366568914956,0.2073606539110736,pm25,seasonal_persistence
29,341,72.75908617097745,90.7565982404692,0.1983052738689636,pm25,seasonal_persistence
30,343,72.81149540947422,90.4198250728863,0.1947397006045766,pm25,seasonal_persistence
31,341,69.75334480782291,84.95307917888563,0.1789191694753835,pm25,seasonal_persistence
32,342,69.51840618239667,84.08187134502924,0.1732057687307114,pm25,seasonal_persistence
33,343,71.60084883338095,85.10787172011662,0.1587047427428862,pm25,seasonal_persistence
34,341,72.17651800974885,83.16715542521995,0.1321511762579564,pm25,seasonal_persistence
35,339,75.58634488060223,83.40117994100295,0.0937017325885418,pm25,seasonal_persistence
36,343,77.24974150915041,84.42565597667638,0.084996845858188,pm25,seasonal_persistence
37,343,75.99099808434627,81.65889212827989,0.0694093918765121,pm25,seasonal_persistence
38,339,76.30053786492067,81.15929203539822,0.0598668870640021,pm25,seasonal_persistence
39,339,77.63076212199323,81.95870206489676,0.0528063504406959,pm25,seasonal_persistence
40,328,79.17840572974355,82.15853658536585,0.0362729301114782,pm25,seasonal_persistence
41,332,75.74917336470104,81.61144578313252,0.0718314981701145,pm25,seasonal_persistence
42,344,77.4993780101354,84.42732558139535,0.0820581194956934,pm25,seasonal_persistence
43,340,78.69018275662577,86.93235294117648,0.094811309089124,pm25,seasonal_persistence
44,342,80.70243710534253,91.62280701754386,0.1191883360450888,pm25,seasonal_persistence
45,343,79.43279898082677,90.98542274052478,0.1269722490892212,pm25,seasonal_persistence
46,343,80.35865587197893,92.18367346938776,0.1282767018536711,pm25,seasonal_persistence
47,344,81.55468568798273,96.2296511627907,0.1524994146552863,pm25,seasonal_persistence
48,341,82.75017273126049,100.56891495601172,0.1771794220166842,pm25,seasonal_persistence
1,354,2.203957436845004,2.288728813559322,0.037038628697336,wind,persistence
2,354,2.495022272107143,2.8575988700564974,0.1268815584120755,wind,persistence
3,354,2.543999899318865,2.9680508474576275,0.1428718610066925,wind,persistence
4,354,2.713341217120393,3.121525423728813,0.1307643383281576,wind,persistence
5,354,2.5883749452486646,3.052344632768361,0.1520043584000191,wind,persistence
6,354,2.704715262965012,3.2521751412429376,0.1683365300150144,wind,persistence
7,354,2.6676234374445373,3.226638418079096,0.1732499611677453,wind,persistence
8,354,2.7784979040542126,3.417711864406779,0.1870297982136994,wind,persistence
9,354,2.7445900089566155,3.4322881355932204,0.2003614205652191,wind,persistence
10,354,2.6858114428300848,3.305536723163842,0.1874809848551908,wind,persistence
11,354,2.7322480193288987,3.39409604519774,0.1949997928919191,wind,persistence
12,354,2.831798541854163,3.530084745762712,0.1978100397580333,wind,persistence
13,354,2.9353190509919798,3.6894067796610166,0.2043926771171388,wind,persistence
14,354,2.8383443797450743,3.695254237288136,0.2318946958767115,wind,persistence
15,354,2.840675607598483,3.7450282485875706,0.2414808596784716,wind,persistence
16,354,3.0055220927074635,3.753728813559322,0.199323594754412,wind,persistence
17,354,3.038094852479419,3.638757062146893,0.1650734576144192,wind,persistence
18,353,3.029864825447647,3.5068838526912183,0.1360236173426451,wind,persistence
19,353,2.939741393826243,3.511076487252125,0.1627236249339091,wind,persistence
20,353,3.015193701327861,3.436090651558074,0.1224929703293362,wind,persistence
21,353,3.1376431042181494,3.56328611898017,0.1194523820287105,wind,persistence
22,353,3.2602277455817705,3.5230594900849863,0.074603266065449,wind,persistence
23,353,3.031349151110877,3.388158640226629,0.1053107386647884,wind,persistence
24,352,2.9045536681434245,3.478153409090909,0.1649150205532213,wind,persistence
25,352,3.155166388342114,3.699403409090909,0.147114807596108,wind,persistence
26,352,3.090181405714429,3.724261363636364,0.170256567950113,wind,persistence
27,352,3.0309763022681904,3.7190625,0.1850160350173758,wind,persistence
28,352,2.914739987079571,3.742386363636364,0.2211547114960609,wind,persistence
29,352,3.0736038830939347,3.658835227272728,0.1599501775364233,wind,persistence
30,352,3.123835151462694,3.729431818181818,0.1623830911096709,wind,persistence
31,352,2.8813309688811213,3.803153409090909,0.2423837118971586,wind,persistence
32,352,2.998333619327782,3.8552556818181816,0.2222737305159137,wind,persistence
33,352,3.1107799274037817,3.796988636363636,0.1807244568466853,wind,persistence
34,352,2.874191633174465,3.626818181818182,0.2075170330888804,wind,persistence
35,352,2.9302852191043045,3.633835227272727,0.1936108723059664,wind,persistence
36,352,2.9669417477297557,3.8380965909090903,0.2269757476252034,wind,persistence
37,352,3.107759934257403,4.030710227272727,0.2289795695980392,wind,persistence
38,352,3.1951916424199136,4.265028409090909,0.2508393061088733,wind,persistence
39,352,3.127536569961008,4.271761363636364,0.267857845107089,wind,persistence
40,352,3.1036143936530745,4.226221590909091,0.2656290431317719,wind,persistence
41,352,3.03550149977758,4.003352272727273,0.2417600818052285,wind,persistence
42,351,2.91980866963201,3.852193732193732,0.2420400237842531,wind,persistence
43,351,2.9919250983553325,3.87982905982906,0.2288513096277615,wind,persistence
44,351,3.081425637582023,3.839145299145299,0.1973667580989877,wind,persistence
45,351,3.1544139690313777,3.866239316239316,0.184113110695985,wind,persistence
46,351,3.194903994959767,4.026438746438746,0.2065186642201981,wind,persistence
47,351,3.168231887743782,3.876381766381766,0.1826832137070375,wind,persistence
48,350,2.991322746719915,3.904742857142857,0.2339258035268682,wind,persistence
1,354,2.203957436845004,4.0045762711864406,0.449640289609958,wind,seasonal_persistence
2,354,2.495022272107143,3.71909604519774,0.329132068173172,wind,seasonal_persistence
3,354,2.543999899318865,3.592966101694916,0.2919499301374483,wind,seasonal_persistence
4,354,2.713341217120393,3.393022598870057,0.2003173754209626,wind,seasonal_persistence
5,354,2.5883749452486646,3.4967514124293784,0.2597772503792646,wind,seasonal_persistence
6,354,2.704715262965012,3.6995197740113,0.2689009849426067,wind,seasonal_persistence
7,354,2.6676234374445373,3.498333333333333,0.2374587601397225,wind,seasonal_persistence
8,354,2.7784979040542126,3.6280508474576263,0.2341623585564525,wind,seasonal_persistence
9,354,2.7445900089566155,3.5873446327683616,0.234924354943113,wind,seasonal_persistence
10,354,2.6858114428300848,3.2756779661016946,0.1800746377927974,wind,seasonal_persistence
11,354,2.7322480193288987,3.160423728813559,0.1354804754757995,wind,seasonal_persistence
12,354,2.831798541854163,3.317683615819209,0.1464531071161439,wind,seasonal_persistence
13,354,2.9353190509919798,3.5076553672316386,0.1631677734324756,wind,seasonal_persistence
14,354,2.8383443797450743,3.216553672316385,0.1175821488154882,wind,seasonal_persistence
15,354,2.840675607598483,2.986214689265537,0.0487369786875067,wind,seasonal_persistence
16,354,3.0055220927074635,3.0003672316384185,-0.0017180767123063,wind,seasonal_persistence
17,354,3.038094852479419,2.800084745762712,-0.0850010368710736,wind,seasonal_persistence
18,353,3.029864825447647,3.019773371104816,-0.0033417919501486,wind,seasonal_persistence
19,353,2.939741393826243,3.0142492917847026,0.0247185586678347,wind,seasonal_persistence
20,353,3.015193701327861,3.2523229461756373,0.072910731428628,wind,seasonal_persistence
21,353,3.1376431042181494,3.536628895184136,0.1128152833647007,wind,seasonal_persistence
22,353,3.2602277455817705,3.7788101983002833,0.1372343212558736,wind,seasonal_persistence
23,353,3.031349151110877,3.6456657223796034,0.1685060063235168,wind,seasonal_persistence
24,352,2.9045536681434245,3.478153409090909,0.1649150205532213,wind,seasonal_persistence
25,352,3.155166388342114,4.0912500000000005,0.2288013716242924,wind,seasonal_persistence
26,352,3.090181405714429,3.830880681818182,0.1933496074725585,wind,seasonal_persistence
27,352,3.0309763022681904,3.703267045454545,0.1815399038023835,wind,seasonal_persistence
28,352,2.914739987079571,3.697670454545454,0.2117361395749711,wind,seasonal_persistence
29,352,3.0736038830939347,3.7977840909090905,0.190684933761415,wind,seasonal_persistence
30,352,3.123835151462694,3.7271022727272727,0.1618595565994874,wind,seasonal_persistence
31,352,2.8813309688811213,3.726761363636364,0.2268539120869062,wind,seasonal_persistence
32,352,2.998333619327782,3.742159090909091,0.198769067137819,wind,seasonal_persistence
33,352,3.1107799274037817,3.792357954545455,0.1797240754461865,wind,seasonal_persistence
34,352,2.874191633174465,3.414801136363636,0.1583136123015517,wind,seasonal_persistence
35,352,2.9302852191043045,3.347244318181818,0.1245678711926234,wind,seasonal_persistence
36,352,2.9669417477297557,3.5673011363636364,0.1682951244328824,wind,seasonal_persistence
37,352,3.107759934257403,3.8526136363636367,0.1933372438585038,wind,seasonal_persistence
38,352,3.1951916424199136,3.6482670454545456,0.124189210216705,wind,seasonal_persistence
39,352,3.127536569961008,3.394034090909091,0.0785194001621538,wind,seasonal_persistence
40,352,3.1036143936530745,3.2498295454545456,0.0449916371786264,wind,seasonal_persistence
41,352,3.03550149977758,3.2034375,0.0524236855635299,wind,seasonal_persistence
42,351,2.91980866963201,3.2913675213675213,0.1128888977980597,wind,seasonal_persistence
43,351,2.9919250983553325,3.443618233618234,0.1311681796934569,wind,seasonal_persistence
44,351,3.081425637582023,3.5308547008547007,0.127286195935473,wind,seasonal_persistence
45,351,3.1544139690313777,3.873219373219373,0.1855834474953928,wind,seasonal_persistence
46,351,3.194903994959767,4.056923076923077,0.2124810023800346,wind,seasonal_persistence
47,351,3.168231887743782,4.037350427350428,0.2152695326417375,wind,seasonal_persistence
48,350,2.991322746719915,3.904742857142857,0.2339258035268682,wind,seasonal_persistence
1,108,6.060889666828831,4.223661020478151,-0.4349848715233051,traffic,persistence
2,108,6.840490656593418,5.668868802665099,-0.2066764807429493,traffic,persistence
3,108,6.981698112269458,6.849296063590044,-0.0193307527445405,traffic,persistence
4,108,8.513540691913693,7.281325017146776,-0.1692295937710752,traffic,persistence
5,108,9.05489186055986,7.157900683421517,-0.2650206060461251,traffic,persistence
6,108,10.796580950652444,8.668059842249658,-0.2455591155506329,traffic,persistence
7,108,10.819837562412276,9.00607638888889,-0.2013930478938737,traffic,persistence
8,108,11.320531324711954,9.292511145404664,-0.2182424263553548,traffic,persistence
9,108,11.01334879178669,9.187740667254555,-0.1987004412345538,traffic,persistence
10,108,10.97964985933081,10.073172031158142,-0.0899893127377122,traffic,persistence
11,108,11.461112378521245,10.311834950029391,-0.1114522714978649,traffic,persistence
12,108,11.395911257644578,10.609802750832843,-0.0740926598988871,traffic,persistence
13,108,11.835821922841449,11.056897290809328,-0.0704469447029749,traffic,persistence
14,108,12.217153882420394,11.1298311042524,-0.0976944544785192,traffic,persistence
15,108,15.31441525684826,13.919066296786204,-0.1002473104380738,traffic,persistence
16,108,18.435425052319136,18.37676183127572,-0.0031922501680126,traffic,persistence
17,108,21.620216870311683,27.52415582745444,0.2145002736561231,traffic,persistence
18,107,22.08747144260068,27.051818783068786,0.1835125164883624,traffic,persistence
19,107,15.804468929067816,14.098082319636058,-0.1210367886031613,traffic,persistence
20,107,12.86249270016886,12.390264488453742,-0.0381128435276889,traffic,persistence
21,107,12.16390841589194,12.710170041536864,0.0429783097991403,traffic,persistence
22,107,11.99068807995063,12.674263524205116,0.0539341353404088,traffic,persistence
23,107,11.13349443894396,10.811256057459328,-0.0298058227251312,traffic,persistence
24,106,11.74505855595748,12.073427984925626,0.0271976964105085,traffic,persistence
25,106,11.900442287470735,12.19145546321254,0.0238702570517465,traffic,persistence
26,106,11.947997637954549,12.708619721473497,0.0598508807556606,traffic,persistence
27,106,11.69984096420857,13.46334886942198,0.1309858284381754,traffic,persistence
28,106,11.720964461048816,12.91523098233004,0.0924696215588523,traffic,persistence
29,106,13.53651857290927,12.840887366476988,-0.0541731413553496,traffic,persistence
30,106,15.391471230292073,13.611402178796046,-0.1307777867491883,traffic,persistence
31,106,15.205500666850089,14.33119322152341,-0.0610073028680957,traffic,persistence
32,106,16.07927460602855,15.589434211839873,-0.0314213067345738,traffic,persistence
33,106,15.071606933583489,14.927188779075571,-0.0096748394252479,traffic,persistence
34,106,14.426257945033784,14.59635182689428,0.011653177717126,traffic,persistence
35,106,13.741101433608891,14.559377495757213,0.0562026819063367,traffic,persistence
36,106,13.887722937611276,15.253750499151444,0.0895535535090966,traffic,persistence
37,106,14.908240680964274,15.350365628431666,0.0288022421204414,traffic,persistence
38,106,15.041408957653628,14.953542727363482,-0.0058759473853216,traffic,persistence
39,106,18.08446255130259,18.462429806828396,0.020472237916702,traffic,persistence
40,106,21.217876061475085,22.11724693021863,0.0406637802426821,traffic,persistence
41,106,25.538699642223943,30.371499700509133,0.1591228653817241,traffic,persistence
42,105,25.98513891012118,30.612886117409925,0.15116990895729,traffic,persistence
43,105,18.900419993736087,17.31993291761149,-0.0912524940854422,traffic,persistence
44,105,15.215948356186464,14.08393675988914,-0.0803760777683464,traffic,persistence
45,105,14.345623774604014,14.156070798689846,-0.0133902251980622,traffic,persistence
46,105,14.336693328624174,14.77942901234568,0.0299562103076971,traffic,persistence
47,105,13.512876217941065,13.854651990425802,0.02466866527726,traffic,persistence
48,104,14.00143320937619,15.59287622100122,0.1020621846200254,traffic,persistence
49,104,14.109785429192211,14.372378345034596,0.0182706654068222,traffic,persistence
50,104,13.554541241126891,14.61300747863248,0.0724331551224689,traffic,persistence
51,104,12.499676754906078,14.078552350427351,0.1121475813863309,traffic,persistence
52,104,12.967240914476356,13.943274636243386,0.0700003225375752,traffic,persistence
53,104,14.580034683551096,13.816735983923484,-0.05524450206733,traffic,persistence
54,104,16.097470224778462,15.090669515669516,-0.0667167687996563,traffic,persistence
55,104,16.424838372981824,15.36242018976394,-0.0691569537933729,traffic,persistence
56,104,15.949987343365432,16.19751856939357,0.0152820461336506,traffic,persistence
57,104,16.203013217898445,15.952164415445669,-0.0157250637543513,traffic,persistence
58,104,14.160905244437531,15.664724193630445,0.0960003464219557,traffic,persistence
59,104,12.751565945253825,14.36022683913309,0.1120219695621729,traffic,persistence
60,104,14.2342813968931,14.434915865384616,0.0138992475164088,traffic,persistence
61,104,15.886138984203738,15.387524801587302,-0.0324037939204491,traffic,persistence
62,104,15.424419569435326,15.116994174806676,-0.0203364102065337,traffic,persistence
63,104,17.82578146669211,17.610064356939358,-0.0122496491426931,traffic,persistence
64,104,20.067685154358603,21.19070226648352,0.0529957477577865,traffic,persistence
65,104,25.844105628824465,28.45803317053317,0.0918520098014115,traffic,persistence
66,103,27.61520928902325,29.93159770380644,0.0773894009168982,traffic,persistence
67,103,17.290850970349386,19.02961132942929,0.0913713017559592,traffic,persistence
68,103,15.820276621707688,15.263483073919968,-0.0364788000937406,traffic,persistence
69,103,14.157453204030102,14.745937034468588,0.0399082017685893,traffic,persistence
70,103,14.822258616902063,14.83832158267838,0.0010825325281442,traffic,persistence
71,103,13.35111291148687,15.160592926490986,0.1193541719494563,traffic,persistence
72,102,13.660269893981049,15.287932163606182,0.106467130558041,traffic,persistence
1,108,6.060889666828831,10.286301868998628,0.4107804977904212,traffic,seasonal_persistence
2,108,6.840490656593418,10.171114417989417,0.3274590791649341,traffic,seasonal_persistence
3,108,6.981698112269458,10.693272952184987,0.3470943701252041,traffic,seasonal_persistence
4,108,8.513540691913693,10.745459472369191,0.2077080823016123,traffic,seasonal_persistence
5,108,9.05489186055986,11.516102660199882,0.213719074261648,traffic,seasonal_persistence
6,108,10.796580950652444,12.780550962669018,0.155233527710315,traffic,seasonal_persistence
7,108,10.819837562412276,12.482914768273565,0.1332282753454464,traffic,seasonal_persistence
8,108,11.320531324711954,15.39499589702136,0.2646616211893722,traffic,seasonal_persistence
9,108,11.01334879178669,14.335018310307662,0.2317171451488492,traffic,seasonal_persistence
10,108,10.97964985933081,13.617780288555752,0.1937269050699842,traffic,seasonal_persistence
11,108,11.461112378521245,12.565067423574366,0.0878590625770858,traffic,seasonal_persistence
12,108,11.395911257644578,11.869563859494416,0.039904802523217,traffic,seasonal_persistence
13,108,11.835821922841449,10.645182980599648,-0.1118476727372073,traffic,seasonal_persistence
14,108,12.217153882420394,9.747683960415442,-0.2533391451788209,traffic,seasonal_persistence
15,108,15.31441525684826,15.89466918969234,0.0365061975130864,traffic,seasonal_persistence
16,108,18.435425052319136,20.24824245541838,0.0895296175502945,traffic,seasonal_persistence
17,108,21.620216870311683,20.555873077111503,-0.0517780874209279,traffic,seasonal_persistence
18,107,22.08747144260068,19.46760680907877,-0.134575588012191,traffic,seasonal_persistence
19,107,15.804468929067816,14.28313028482421,-0.1065129711699137,traffic,seasonal_persistence
20,107,12.86249270016886,7.539792253869357,-0.7059478918093454,traffic,seasonal_persistence
21,107,12.16390841589194,9.736032611383076,-0.24937013888699,traffic,seasonal_persistence
22,107,11.99068807995063,10.412490110270484,-0.1515677761003078,traffic,seasonal_persistence
23,107,11.13349443894396,8.7695204717401,-0.26956707323072,traffic,seasonal_persistence
24,106,11.74505855595748,12.073427984925626,0.0271976964105085,traffic,seasonal_persistence
25,106,11.900442287470735,12.6151545497654,0.0566550540047053,traffic,seasonal_persistence
26,106,11.947997637954549,12.87842480283518,0.0722469695731578,traffic,seasonal_persistence
27,106,11.69984096420857,12.32780772686433,0.0509390458197459,traffic,seasonal_persistence
28,106,11.720964461048816,11.531188230008985,-0.0164576474908244,traffic,seasonal_persistence
29,106,13.53651857290927,11.898889388040333,-0.1376287426047453,traffic,seasonal_persistence
30,106,15.391471230292073,12.347064365578516,-0.2465692876114615,traffic,seasonal_persistence
31,106,15.205500666850089,12.51554887940501,-0.2149287908476418,traffic,seasonal_persistence
32,106,16.07927460602855,16.200296371169014,0.0074703426633502,traffic,seasonal_persistence
33,106,15.071606933583489,16.469449747928522,0.0848748947742379,traffic,seasonal_persistence
34,106,14.426257945033784,17.49727868872916,0.175514192711211,traffic,seasonal_persistence
35,106,13.741101433608891,15.488643368773086,0.1128273079543843,traffic,seasonal_persistence
36,106,13.887722937611276,15.273238619347111,0.0907152514451491,traffic,seasonal_persistence
37,106,14.908240680964274,15.172101177997405,0.0173911638168996,traffic,seasonal_persistence
38,106,15.041408957653628,13.551586677648,-0.1099371103505499,traffic,seasonal_persistence
39,106,18.08446255130259,19.66213187581112,0.0802389758380891,traffic,seasonal_persistence
40,106,21.217876061475085,26.379512952979933,0.1956683923886384,traffic,seasonal_persistence
41,106,25.538699642223943,27.61768961515424,0.0752774762082024,traffic,seasonal_persistence
42,105,25.98513891012118,27.260722789115647,0.0467920050712583,traffic,seasonal_persistence
43,105,18.900419993736087,16.90496630133535,-0.1180394954258567,traffic,seasonal_persistence
44,105,15.215948356186464,9.84331853111615,-0.5458148903834268,traffic,seasonal_persistence
45,105,14.345623774604014,11.821155202821869,-0.2135551499382666,traffic,seasonal_persistence
46,105,14.336693328624174,13.278431279919374,-0.0796978217076878,traffic,seasonal_persistence
47,105,13.512876217941065,11.697957294028722,-0.1551483629401497,traffic,seasonal_persistence
48,104,14.00143320937619,15.59287622100122,0.1020621846200254,traffic,seasonal_persistence
49,104,14.109785429192211,15.167476533882784,0.0697341513815951,traffic,seasonal_persistence
50,104,13.554541241126891,15.72654691951567,0.1381107810573122,traffic,seasonal_persistence
51,104,12.499676754906078,15.233299946581194,0.1794504934099077,traffic,seasonal_persistence
52,104,12.967240914476356,15.029085902523402,0.1371903122664871,traffic,seasonal_persistence
53,104,14.580034683551096,15.692349346255597,0.070882608981039,traffic,seasonal_persistence
54,104,16.097470224778462,17.139391915954413,0.0607910535149187,traffic,seasonal_persistence
55,104,16.424838372981824,16.821279443935694,0.0235678309890269,traffic,seasonal_persistence
56,104,15.949987343365432,19.00870885480261,0.1609115871467713,traffic,seasonal_persistence
57,104,16.203013217898445,19.104005456349206,0.1518525654255724,traffic,seasonal_persistence
58,104,14.160905244437531,17.329333282458283,0.1828361187575525,traffic,seasonal_persistence
59,104,12.751565945253825,14.906621705840454,0.1445703663186324,traffic,seasonal_persistence
60,104,14.2342813968931,15.12103301790802,0.0586435873769158,traffic,seasonal_persistence
61,104,15.886138984203738,16.595565603378102,0.0427479626864876,traffic,seasonal_persistence
62,104,15.424419569435326,14.239515287952788,-0.0832124027764495,traffic,seasonal_persistence
63,104,17.82578146669211,17.146741135022385,-0.0396017136039208,traffic,seasonal_persistence
64,104,20.067685154358603,23.86379763176638,0.159074114522098,traffic,seasonal_persistence
65,104,25.844105628824465,31.78872767857143,0.1870040886774526,traffic,seasonal_persistence
66,103,27.61520928902325,30.16429823547542,0.0845068208301379,traffic,seasonal_persistence
67,103,17.290850970349386,18.909055709662507,0.085578294556836,traffic,seasonal_persistence
68,103,15.820276621707688,11.130734383829044,-0.421314719780907,traffic,seasonal_persistence
69,103,14.157453204030102,11.393162467252274,-0.2426271673666828,traffic,seasonal_persistence
70,103,14.822258616902063,12.43113185133816,-0.1923498836758383,traffic,seasonal_persistence
71,103,13.35111291148687,13.06292411516926,-0.0220615838978159,traffic,seasonal_persistence
72,102,13.660269893981049,15.287932163606182,0.106467130558041,traffic,seasonal_persistence
