domain,model,baseline,metric,horizon_unit,h_relax,h_strict,h_start,h_end,n_sign_changes
pm25,extratrees,persistence,MAE,observation_steps,48,26,23,48,3
pm25,knn,persistence,MAE,observation_steps,48,16,33,48,3
pm25,lightgbm,persistence,MAE,observation_steps,48,19,30,48,1
pm25,mlp,persistence,MAE,observation_steps,48,36,13,48,1
pm25,ridge,persistence,MAE,observation_steps,48,40,9,48,1
pm25,extratrees,persistence,RMSE,observation_steps,48,37,12,48,1
pm25,knn,persistence,RMSE,observation_steps,48,15,34,48,5
pm25,lightgbm,persistence,RMSE,observation_steps,48,19,30,48,3
pm25,mlp,persistence,RMSE,observation_steps,48,40,9,48,1
pm25,ridge,persistence,RMSE,observation_steps,48,44,5,48,1
load,extratrees,persistence,MAE,D,0,0,0,0,0
load,knn,persistence,MAE,D,0,0,0,0,0
load,lightgbm,persistence,MAE,D,0,0,0,0,0
load,mlp,persistence,MAE,D,0,0,0,0,0
load,ridge,persistence,MAE,D,7,7,1,7,0
load,extratrees,persistence,RMSE,D,1,1,1,1,1
load,knn,persistence,RMSE,D,0,0,0,0,0
load,lightgbm,persistence,RMSE,D,2,2,1,2,1
load,mlp,persistence,RMSE,D,0,0,0,0,0
load,ridge,persistence,RMSE,D,6,6,1,6,1
load,extratrees,seasonal_persistence,MAE,D,4,4,1,4,1
load,knn,seasonal_persistence,MAE,D,3,3,1,3,1
load,lightgbm,seasonal_persistence,MAE,D,4,4,1,4,1
load,mlp,seasonal_persistence,MAE,D,0,0,0,0,0
load,ridge,seasonal_persistence,MAE,D,7,7,1,7,0
load,extratrees,seasonal_persistence,RMSE,D,4,4,1,4,1
load,knn,seasonal_persistence,RMSE,D,3,3,1,3,1
load,lightgbm,seasonal_persistence,RMSE,D,4,4,1,4,1
load,mlp,seasonal_persistence,RMSE,D,0,0,0,0,0
load,ridge,seasonal_persistence,RMSE,D,6,6,1,6,1
wind,extratrees,persistence,MAE,h,48,47,2,48,1
wind,knn,persistence,MAE,h,48,47,2,48,1
wind,lightgbm,persistence,MAE,h,48,48,1,48,0
wind,mlp,persistence,MAE,h,48,47,2,48,1
wind,ridge,persistence,MAE,h,48,48,1,48,0
wind,extratrees,persistence,RMSE,h,48,48,1,48,0
wind,knn,persistence,RMSE,h,48,47,2,48,1
wind,lightgbm,persistence,RMSE,h,48,48,1,48,0
wind,mlp,persistence,RMSE,h,48,48,1,48,0
wind,ridge,persistence,RMSE,h,48,48,1,48,0
wind,extratrees,seasonal_persistence,MAE,h,48,29,20,48,2
wind,knn,seasonal_persistence,MAE,h,48,31,18,48,2
wind,lightgbm,seasonal_persistence,MAE,h,48,29,20,48,2
wind,mlp,seasonal_persistence,MAE,h,48,31,18,48,2
wind,ridge,seasonal_persistence,MAE,h,48,31,18,48,2
wind,extratrees,seasonal_persistence,RMSE,h,48,48,1,48,0
wind,knn,seasonal_persistence,RMSE,h,48,48,1,48,0
wind,lightgbm,seasonal_persistence,RMSE,h,48,48,1,48,0
wind,mlp,seasonal_persistence,RMSE,h,48,48,1,48,0
wind,ridge,seasonal_persistence,RMSE,h,48,48,1,48,0
traffic,extratrees,persistence,MAE,h,72,4,64,67,17
traffic,knn,persistence,MAE,h,72,6,64,69,15
traffic,lightgbm,persistence,MAE,h,72,4,64,67,15
traffic,mlp,persistence,MAE,h,66,3,40,42,6
traffic,ridge,persistence,MAE,h,72,5,63,67,15
traffic,extratrees,persistence,RMSE,h,72,53,20,72,5
traffic,knn,persistence,RMSE,h,72,39,34,72,8
traffic,lightgbm,persistence,RMSE,h,72,53,20,72,5
traffic,mlp,persistence,RMSE,h,72,32,12,43,5
traffic,ridge,persistence,RMSE,h,72,62,11,72,3
traffic,extratrees,seasonal_persistence,MAE,h,72,13,48,60,14
traffic,knn,seasonal_persistence,MAE,h,72,12,50,61,16
traffic,lightgbm,seasonal_persistence,MAE,h,72,13,48,60,14
traffic,mlp,seasonal_persistence,MAE,h,66,6,1,6,11
traffic,ridge,seasonal_persistence,MAE,h,72,6,1,6,20
traffic,extratrees,seasonal_persistence,RMSE,h,72,52,21,72,2
traffic,knn,seasonal_persistence,RMSE,h,72,28,45,72,4
traffic,lightgbm,seasonal_persistence,RMSE,h,72,28,45,72,4
traffic,mlp,seasonal_persistence,RMSE,h,72,28,45,72,4
traffic,ridge,seasonal_persistence,RMSE,h,72,52,21,72,2
pm10,extratrees,persistence,MAE,D,7,6,2,7,1
pm10,knn,persistence,MAE,D,7,6,2,7,1
pm10,lightgbm,persistence,MAE,D,7,6,2,7,1
pm10,mlp,persistence,MAE,D,7,7,1,7,0
pm10,ridge,persistence,MAE,D,7,7,1,7,0
pm10,extratrees,persistence,RMSE,D,7,7,1,7,0
pm10,knn,persistence,RMSE,D,7,7,1,7,0
pm10,lightgbm,persistence,RMSE,D,7,7,1,7,0
pm10,mlp,persistence,RMSE,D,7,7,1,7,0
pm10,ridge,persistence,RMSE,D,7,7,1,7,0
pm10,extratrees,seasonal_persistence,MAE,D,7,7,1,7,0
pm10,knn,seasonal_persistence,MAE,D,7,7,1,7,0
pm10,lightgbm,seasonal_persistence,MAE,D,7,7,1,7,0
pm10,mlp,seasonal_persistence,MAE,D,7,7,1,7,0
pm10,ridge,seasonal_persistence,MAE,D,7,7,1,7,0
pm10,extratrees,seasonal_persistence,RMSE,D,7,7,1,7,0
pm10,knn,seasonal_persistence,RMSE,D,7,7,1,7,0
pm10,lightgbm,seasonal_persistence,RMSE,D,7,7,1,7,0
pm10,mlp,seasonal_persistence,RMSE,D,7,7,1,7,0
pm10,ridge,seasonal_persistence,RMSE,D,7,7,1,7,0
pm10_bcn,extratrees,persistence,MAE,observation_steps,7,7,1,7,0
pm10_bcn,knn,persistence,MAE,observation_steps,7,6,2,7,1
pm10_bcn,lightgbm,persistence,MAE,observation_steps,7,7,1,7,0
pm10_bcn,mlp,persistence,MAE,observation_steps,7,7,1,7,0
pm10_bcn,ridge,persistence,MAE,observation_steps,7,7,1,7,0
pm10_bcn,extratrees,persistence,RMSE,observation_steps,7,7,1,7,0
pm10_bcn,knn,persistence,RMSE,observation_steps,7,7,1,7,0
pm10_bcn,lightgbm,persistence,RMSE,observation_steps,7,7,1,7,0
pm10_bcn,mlp,persistence,RMSE,observation_steps,7,7,1,7,0
pm10_bcn,ridge,persistence,RMSE,observation_steps,7,7,1,7,0
