domain,model,horizon,n_origins,primary_support_unchanged
pm25,extratrees,1,365,True
pm25,extratrees,2,365,True
pm25,extratrees,3,365,True
pm25,extratrees,4,365,True
pm25,extratrees,5,365,True
pm25,extratrees,6,365,True
pm25,extratrees,7,365,True
pm25,extratrees,8,365,True
pm25,extratrees,9,365,True
pm25,extratrees,10,365,True
pm25,extratrees,11,365,True
pm25,extratrees,12,365,True
pm25,extratrees,13,365,True
pm25,extratrees,14,365,True
pm25,extratrees,15,365,True
pm25,extratrees,16,365,True
pm25,extratrees,17,365,True
pm25,extratrees,18,365,True
pm25,extratrees,19,365,True
pm25,extratrees,20,365,True
pm25,extratrees,21,365,True
pm25,extratrees,22,365,True
pm25,extratrees,23,365,True
pm25,extratrees,24,365,True
pm25,extratrees,25,365,True
pm25,extratrees,26,365,True
pm25,extratrees,27,365,True
pm25,extratrees,28,365,True
pm25,extratrees,29,365,True
pm25,extratrees,30,365,True
pm25,extratrees,31,365,True
pm25,extratrees,32,365,True
pm25,extratrees,33,365,True
pm25,extratrees,34,365,True
pm25,extratrees,35,365,True
pm25,extratrees,36,365,True
pm25,extratrees,37,365,True
pm25,extratrees,38,365,True
pm25,extratrees,39,365,True
pm25,extratrees,40,365,True
pm25,extratrees,41,365,True
pm25,extratrees,42,365,True
pm25,extratrees,43,365,True
pm25,extratrees,44,365,True
pm25,extratrees,45,365,True
pm25,extratrees,46,365,True
pm25,extratrees,47,365,True
pm25,extratrees,48,365,True
pm25,knn,1,365,True
pm25,knn,2,365,True
pm25,knn,3,365,True
pm25,knn,4,365,True
pm25,knn,5,365,True
pm25,knn,6,365,True
pm25,knn,7,365,True
pm25,knn,8,365,True
pm25,knn,9,365,True
pm25,knn,10,365,True
pm25,knn,11,365,True
pm25,knn,12,365,True
pm25,knn,13,365,True
pm25,knn,14,365,True
pm25,knn,15,365,True
pm25,knn,16,365,True
pm25,knn,17,365,True
pm25,knn,18,365,True
pm25,knn,19,365,True
pm25,knn,20,365,True
pm25,knn,21,365,True
pm25,knn,22,365,True
pm25,knn,23,365,True
pm25,knn,24,365,True
pm25,knn,25,365,True
pm25,knn,26,365,True
pm25,knn,27,365,True
pm25,knn,28,365,True
pm25,knn,29,365,True
pm25,knn,30,365,True
pm25,knn,31,365,True
pm25,knn,32,365,True
pm25,knn,33,365,True
pm25,knn,34,365,True
pm25,knn,35,365,True
pm25,knn,36,365,True
pm25,knn,37,365,True
pm25,knn,38,365,True
pm25,knn,39,365,True
pm25,knn,40,365,True
pm25,knn,41,365,True
pm25,knn,42,365,True
pm25,knn,43,365,True
pm25,knn,44,365,True
pm25,knn,45,365,True
pm25,knn,46,365,True
pm25,knn,47,365,True
pm25,knn,48,365,True
pm25,lightgbm,1,365,True
pm25,lightgbm,2,365,True
pm25,lightgbm,3,365,True
pm25,lightgbm,4,365,True
pm25,lightgbm,5,365,True
pm25,lightgbm,6,365,True
pm25,lightgbm,7,365,True
pm25,lightgbm,8,365,True
pm25,lightgbm,9,365,True
pm25,lightgbm,10,365,True
pm25,lightgbm,11,365,True
pm25,lightgbm,12,365,True
pm25,lightgbm,13,365,True
pm25,lightgbm,14,365,True
pm25,lightgbm,15,365,True
pm25,lightgbm,16,365,True
pm25,lightgbm,17,365,True
pm25,lightgbm,18,365,True
pm25,lightgbm,19,365,True
pm25,lightgbm,20,365,True
pm25,lightgbm,21,365,True
pm25,lightgbm,22,365,True
pm25,lightgbm,23,365,True
pm25,lightgbm,24,365,True
pm25,lightgbm,25,365,True
pm25,lightgbm,26,365,True
pm25,lightgbm,27,365,True
pm25,lightgbm,28,365,True
pm25,lightgbm,29,365,True
pm25,lightgbm,30,365,True
pm25,lightgbm,31,365,True
pm25,lightgbm,32,365,True
pm25,lightgbm,33,365,True
pm25,lightgbm,34,365,True
pm25,lightgbm,35,365,True
pm25,lightgbm,36,365,True
pm25,lightgbm,37,365,True
pm25,lightgbm,38,365,True
pm25,lightgbm,39,365,True
pm25,lightgbm,40,365,True
pm25,lightgbm,41,365,True
pm25,lightgbm,42,365,True
pm25,lightgbm,43,365,True
pm25,lightgbm,44,365,True
pm25,lightgbm,45,365,True
pm25,lightgbm,46,365,True
pm25,lightgbm,47,365,True
pm25,lightgbm,48,365,True
pm25,mlp,1,365,True
pm25,mlp,2,365,True
pm25,mlp,3,365,True
pm25,mlp,4,365,True
pm25,mlp,5,365,True
pm25,mlp,6,365,True
pm25,mlp,7,365,True
pm25,mlp,8,365,True
pm25,mlp,9,365,True
pm25,mlp,10,365,True
pm25,mlp,11,365,True
pm25,mlp,12,365,True
pm25,mlp,13,365,True
pm25,mlp,14,365,True
pm25,mlp,15,365,True
pm25,mlp,16,365,True
pm25,mlp,17,365,True
pm25,mlp,18,365,True
pm25,mlp,19,365,True
pm25,mlp,20,365,True
pm25,mlp,21,365,True
pm25,mlp,22,365,True
pm25,mlp,23,365,True
pm25,mlp,24,365,True
pm25,mlp,25,365,True
pm25,mlp,26,365,True
pm25,mlp,27,365,True
pm25,mlp,28,365,True
pm25,mlp,29,365,True
pm25,mlp,30,365,True
pm25,mlp,31,365,True
pm25,mlp,32,365,True
pm25,mlp,33,365,True
pm25,mlp,34,365,True
pm25,mlp,35,365,True
pm25,mlp,36,365,True
pm25,mlp,37,365,True
pm25,mlp,38,365,True
pm25,mlp,39,365,True
pm25,mlp,40,365,True
pm25,mlp,41,365,True
pm25,mlp,42,365,True
pm25,mlp,43,365,True
pm25,mlp,44,365,True
pm25,mlp,45,365,True
pm25,mlp,46,365,True
pm25,mlp,47,365,True
pm25,mlp,48,365,True
pm25,ridge,1,365,True
pm25,ridge,2,365,True
pm25,ridge,3,365,True
pm25,ridge,4,365,True
pm25,ridge,5,365,True
pm25,ridge,6,365,True
pm25,ridge,7,365,True
pm25,ridge,8,365,True
pm25,ridge,9,365,True
pm25,ridge,10,365,True
pm25,ridge,11,365,True
pm25,ridge,12,365,True
pm25,ridge,13,365,True
pm25,ridge,14,365,True
pm25,ridge,15,365,True
pm25,ridge,16,365,True
pm25,ridge,17,365,True
pm25,ridge,18,365,True
pm25,ridge,19,365,True
pm25,ridge,20,365,True
pm25,ridge,21,365,True
pm25,ridge,22,365,True
pm25,ridge,23,365,True
pm25,ridge,24,365,True
pm25,ridge,25,365,True
pm25,ridge,26,365,True
pm25,ridge,27,365,True
pm25,ridge,28,365,True
pm25,ridge,29,365,True
pm25,ridge,30,365,True
pm25,ridge,31,365,True
pm25,ridge,32,365,True
pm25,ridge,33,365,True
pm25,ridge,34,365,True
pm25,ridge,35,365,True
pm25,ridge,36,365,True
pm25,ridge,37,365,True
pm25,ridge,38,365,True
pm25,ridge,39,365,True
pm25,ridge,40,365,True
pm25,ridge,41,365,True
pm25,ridge,42,365,True
pm25,ridge,43,365,True
pm25,ridge,44,365,True
pm25,ridge,45,365,True
pm25,ridge,46,365,True
pm25,ridge,47,365,True
pm25,ridge,48,365,True
load,extratrees,1,281,True
load,extratrees,2,280,True
load,extratrees,3,279,True
load,extratrees,4,278,True
load,extratrees,5,277,True
load,extratrees,6,276,True
load,extratrees,7,275,True
load,knn,1,281,True
load,knn,2,280,True
load,knn,3,279,True
load,knn,4,278,True
load,knn,5,277,True
load,knn,6,276,True
load,knn,7,275,True
load,lightgbm,1,281,True
load,lightgbm,2,280,True
load,lightgbm,3,279,True
load,lightgbm,4,278,True
load,lightgbm,5,277,True
load,lightgbm,6,276,True
load,lightgbm,7,275,True
load,mlp,1,281,True
load,mlp,2,280,True
load,mlp,3,279,True
load,mlp,4,278,True
load,mlp,5,277,True
load,mlp,6,276,True
load,mlp,7,275,True
load,ridge,1,281,True
load,ridge,2,280,True
load,ridge,3,279,True
load,ridge,4,278,True
load,ridge,5,277,True
load,ridge,6,276,True
load,ridge,7,275,True
wind,extratrees,1,352,True
wind,extratrees,2,352,True
wind,extratrees,3,352,True
wind,extratrees,4,352,True
wind,extratrees,5,352,True
wind,extratrees,6,352,True
wind,extratrees,7,352,True
wind,extratrees,8,352,True
wind,extratrees,9,352,True
wind,extratrees,10,352,True
wind,extratrees,11,352,True
wind,extratrees,12,352,True
wind,extratrees,13,352,True
wind,extratrees,14,352,True
wind,extratrees,15,352,True
wind,extratrees,16,352,True
wind,extratrees,17,352,True
wind,extratrees,18,351,True
wind,extratrees,19,351,True
wind,extratrees,20,351,True
wind,extratrees,21,351,True
wind,extratrees,22,351,True
wind,extratrees,23,351,True
wind,extratrees,24,351,True
wind,extratrees,25,351,True
wind,extratrees,26,351,True
wind,extratrees,27,351,True
wind,extratrees,28,351,True
wind,extratrees,29,351,True
wind,extratrees,30,351,True
wind,extratrees,31,351,True
wind,extratrees,32,351,True
wind,extratrees,33,351,True
wind,extratrees,34,351,True
wind,extratrees,35,351,True
wind,extratrees,36,351,True
wind,extratrees,37,351,True
wind,extratrees,38,351,True
wind,extratrees,39,351,True
wind,extratrees,40,351,True
wind,extratrees,41,351,True
wind,extratrees,42,350,True
wind,extratrees,43,350,True
wind,extratrees,44,350,True
wind,extratrees,45,350,True
wind,extratrees,46,350,True
wind,extratrees,47,350,True
wind,extratrees,48,350,True
wind,knn,1,352,True
wind,knn,2,352,True
wind,knn,3,352,True
wind,knn,4,352,True
wind,knn,5,352,True
wind,knn,6,352,True
wind,knn,7,352,True
wind,knn,8,352,True
wind,knn,9,352,True
wind,knn,10,352,True
wind,knn,11,352,True
wind,knn,12,352,True
wind,knn,13,352,True
wind,knn,14,352,True
wind,knn,15,352,True
wind,knn,16,352,True
wind,knn,17,352,True
wind,knn,18,351,True
wind,knn,19,351,True
wind,knn,20,351,True
wind,knn,21,351,True
wind,knn,22,351,True
wind,knn,23,351,True
wind,knn,24,351,True
wind,knn,25,351,True
wind,knn,26,351,True
wind,knn,27,351,True
wind,knn,28,351,True
wind,knn,29,351,True
wind,knn,30,351,True
wind,knn,31,351,True
wind,knn,32,351,True
wind,knn,33,351,True
wind,knn,34,351,True
wind,knn,35,351,True
wind,knn,36,351,True
wind,knn,37,351,True
wind,knn,38,351,True
wind,knn,39,351,True
wind,knn,40,351,True
wind,knn,41,351,True
wind,knn,42,350,True
wind,knn,43,350,True
wind,knn,44,350,True
wind,knn,45,350,True
wind,knn,46,350,True
wind,knn,47,350,True
wind,knn,48,350,True
wind,lightgbm,1,352,True
wind,lightgbm,2,352,True
wind,lightgbm,3,352,True
wind,lightgbm,4,352,True
wind,lightgbm,5,352,True
wind,lightgbm,6,352,True
wind,lightgbm,7,352,True
wind,lightgbm,8,352,True
wind,lightgbm,9,352,True
wind,lightgbm,10,352,True
wind,lightgbm,11,352,True
wind,lightgbm,12,352,True
wind,lightgbm,13,352,True
wind,lightgbm,14,352,True
wind,lightgbm,15,352,True
wind,lightgbm,16,352,True
wind,lightgbm,17,352,True
wind,lightgbm,18,351,True
wind,lightgbm,19,351,True
wind,lightgbm,20,351,True
wind,lightgbm,21,351,True
wind,lightgbm,22,351,True
wind,lightgbm,23,351,True
wind,lightgbm,24,351,True
wind,lightgbm,25,351,True
wind,lightgbm,26,351,True
wind,lightgbm,27,351,True
wind,lightgbm,28,351,True
wind,lightgbm,29,351,True
wind,lightgbm,30,351,True
wind,lightgbm,31,351,True
wind,lightgbm,32,351,True
wind,lightgbm,33,351,True
wind,lightgbm,34,351,True
wind,lightgbm,35,351,True
wind,lightgbm,36,351,True
wind,lightgbm,37,351,True
wind,lightgbm,38,351,True
wind,lightgbm,39,351,True
wind,lightgbm,40,351,True
wind,lightgbm,41,351,True
wind,lightgbm,42,350,True
wind,lightgbm,43,350,True
wind,lightgbm,44,350,True
wind,lightgbm,45,350,True
wind,lightgbm,46,350,True
wind,lightgbm,47,350,True
wind,lightgbm,48,350,True
wind,mlp,1,352,True
wind,mlp,2,352,True
wind,mlp,3,352,True
wind,mlp,4,352,True
wind,mlp,5,352,True
wind,mlp,6,352,True
wind,mlp,7,352,True
wind,mlp,8,352,True
wind,mlp,9,352,True
wind,mlp,10,352,True
wind,mlp,11,352,True
wind,mlp,12,352,True
wind,mlp,13,352,True
wind,mlp,14,352,True
wind,mlp,15,352,True
wind,mlp,16,352,True
wind,mlp,17,352,True
wind,mlp,18,351,True
wind,mlp,19,351,True
wind,mlp,20,351,True
wind,mlp,21,351,True
wind,mlp,22,351,True
wind,mlp,23,351,True
wind,mlp,24,351,True
wind,mlp,25,351,True
wind,mlp,26,351,True
wind,mlp,27,351,True
wind,mlp,28,351,True
wind,mlp,29,351,True
wind,mlp,30,351,True
wind,mlp,31,351,True
wind,mlp,32,351,True
wind,mlp,33,351,True
wind,mlp,34,351,True
wind,mlp,35,351,True
wind,mlp,36,351,True
wind,mlp,37,351,True
wind,mlp,38,351,True
wind,mlp,39,351,True
wind,mlp,40,351,True
wind,mlp,41,351,True
wind,mlp,42,350,True
wind,mlp,43,350,True
wind,mlp,44,350,True
wind,mlp,45,350,True
wind,mlp,46,350,True
wind,mlp,47,350,True
wind,mlp,48,350,True
wind,ridge,1,352,True
wind,ridge,2,352,True
wind,ridge,3,352,True
wind,ridge,4,352,True
wind,ridge,5,352,True
wind,ridge,6,352,True
wind,ridge,7,352,True
wind,ridge,8,352,True
wind,ridge,9,352,True
wind,ridge,10,352,True
wind,ridge,11,352,True
wind,ridge,12,352,True
wind,ridge,13,352,True
wind,ridge,14,352,True
wind,ridge,15,352,True
wind,ridge,16,352,True
wind,ridge,17,352,True
wind,ridge,18,351,True
wind,ridge,19,351,True
wind,ridge,20,351,True
wind,ridge,21,351,True
wind,ridge,22,351,True
wind,ridge,23,351,True
wind,ridge,24,351,True
wind,ridge,25,351,True
wind,ridge,26,351,True
wind,ridge,27,351,True
wind,ridge,28,351,True
wind,ridge,29,351,True
wind,ridge,30,351,True
wind,ridge,31,351,True
wind,ridge,32,351,True
wind,ridge,33,351,True
wind,ridge,34,351,True
wind,ridge,35,351,True
wind,ridge,36,351,True
wind,ridge,37,351,True
wind,ridge,38,351,True
wind,ridge,39,351,True
wind,ridge,40,351,True
wind,ridge,41,351,True
wind,ridge,42,350,True
wind,ridge,43,350,True
wind,ridge,44,350,True
wind,ridge,45,350,True
wind,ridge,46,350,True
wind,ridge,47,350,True
wind,ridge,48,350,True
traffic,extratrees,1,105,True
traffic,extratrees,2,105,True
traffic,extratrees,3,105,True
traffic,extratrees,4,105,True
traffic,extratrees,5,105,True
traffic,extratrees,6,105,True
traffic,extratrees,7,105,True
traffic,extratrees,8,105,True
traffic,extratrees,9,105,True
traffic,extratrees,10,105,True
traffic,extratrees,11,105,True
traffic,extratrees,12,105,True
traffic,extratrees,13,105,True
traffic,extratrees,14,105,True
traffic,extratrees,15,105,True
traffic,extratrees,16,105,True
traffic,extratrees,17,105,True
traffic,extratrees,18,104,True
traffic,extratrees,19,104,True
traffic,extratrees,20,104,True
traffic,extratrees,21,104,True
traffic,extratrees,22,104,True
traffic,extratrees,23,104,True
traffic,extratrees,24,104,True
traffic,extratrees,25,104,True
traffic,extratrees,26,104,True
traffic,extratrees,27,104,True
traffic,extratrees,28,104,True
traffic,extratrees,29,104,True
traffic,extratrees,30,104,True
traffic,extratrees,31,104,True
traffic,extratrees,32,104,True
traffic,extratrees,33,104,True
traffic,extratrees,34,104,True
traffic,extratrees,35,104,True
traffic,extratrees,36,104,True
traffic,extratrees,37,104,True
traffic,extratrees,38,104,True
traffic,extratrees,39,104,True
traffic,extratrees,40,104,True
traffic,extratrees,41,104,True
traffic,extratrees,42,103,True
traffic,extratrees,43,103,True
traffic,extratrees,44,103,True
traffic,extratrees,45,103,True
traffic,extratrees,46,103,True
traffic,extratrees,47,103,True
traffic,extratrees,48,103,True
traffic,extratrees,49,103,True
traffic,extratrees,50,103,True
traffic,extratrees,51,103,True
traffic,extratrees,52,103,True
traffic,extratrees,53,103,True
traffic,extratrees,54,103,True
traffic,extratrees,55,103,True
traffic,extratrees,56,103,True
traffic,extratrees,57,103,True
traffic,extratrees,58,103,True
traffic,extratrees,59,103,True
traffic,extratrees,60,103,True
traffic,extratrees,61,103,True
traffic,extratrees,62,103,True
traffic,extratrees,63,103,True
traffic,extratrees,64,103,True
traffic,extratrees,65,103,True
traffic,extratrees,66,102,True
traffic,extratrees,67,102,True
traffic,extratrees,68,102,True
traffic,extratrees,69,102,True
traffic,extratrees,70,102,True
traffic,extratrees,71,102,True
traffic,extratrees,72,102,True
traffic,knn,1,105,True
traffic,knn,2,105,True
traffic,knn,3,105,True
traffic,knn,4,105,True
traffic,knn,5,105,True
traffic,knn,6,105,True
traffic,knn,7,105,True
traffic,knn,8,105,True
traffic,knn,9,105,True
traffic,knn,10,105,True
traffic,knn,11,105,True
traffic,knn,12,105,True
traffic,knn,13,105,True
traffic,knn,14,105,True
traffic,knn,15,105,True
traffic,knn,16,105,True
traffic,knn,17,105,True
traffic,knn,18,104,True
traffic,knn,19,104,True
traffic,knn,20,104,True
traffic,knn,21,104,True
traffic,knn,22,104,True
traffic,knn,23,104,True
traffic,knn,24,104,True
traffic,knn,25,104,True
traffic,knn,26,104,True
traffic,knn,27,104,True
traffic,knn,28,104,True
traffic,knn,29,104,True
traffic,knn,30,104,True
traffic,knn,31,104,True
traffic,knn,32,104,True
traffic,knn,33,104,True
traffic,knn,34,104,True
traffic,knn,35,104,True
traffic,knn,36,104,True
traffic,knn,37,104,True
traffic,knn,38,104,True
traffic,knn,39,104,True
traffic,knn,40,104,True
traffic,knn,41,104,True
traffic,knn,42,103,True
traffic,knn,43,103,True
traffic,knn,44,103,True
traffic,knn,45,103,True
traffic,knn,46,103,True
traffic,knn,47,103,True
traffic,knn,48,103,True
traffic,knn,49,103,True
traffic,knn,50,103,True
traffic,knn,51,103,True
traffic,knn,52,103,True
traffic,knn,53,103,True
traffic,knn,54,103,True
traffic,knn,55,103,True
traffic,knn,56,103,True
traffic,knn,57,103,True
traffic,knn,58,103,True
traffic,knn,59,103,True
traffic,knn,60,103,True
traffic,knn,61,103,True
traffic,knn,62,103,True
traffic,knn,63,103,True
traffic,knn,64,103,True
traffic,knn,65,103,True
traffic,knn,66,102,True
traffic,knn,67,102,True
traffic,knn,68,102,True
traffic,knn,69,102,True
traffic,knn,70,102,True
traffic,knn,71,102,True
traffic,knn,72,102,True
traffic,lightgbm,1,105,True
traffic,lightgbm,2,105,True
traffic,lightgbm,3,105,True
traffic,lightgbm,4,105,True
traffic,lightgbm,5,105,True
traffic,lightgbm,6,105,True
traffic,lightgbm,7,105,True
traffic,lightgbm,8,105,True
traffic,lightgbm,9,105,True
traffic,lightgbm,10,105,True
traffic,lightgbm,11,105,True
traffic,lightgbm,12,105,True
traffic,lightgbm,13,105,True
traffic,lightgbm,14,105,True
traffic,lightgbm,15,105,True
traffic,lightgbm,16,105,True
traffic,lightgbm,17,105,True
traffic,lightgbm,18,104,True
traffic,lightgbm,19,104,True
traffic,lightgbm,20,104,True
traffic,lightgbm,21,104,True
traffic,lightgbm,22,104,True
traffic,lightgbm,23,104,True
traffic,lightgbm,24,104,True
traffic,lightgbm,25,104,True
traffic,lightgbm,26,104,True
traffic,lightgbm,27,104,True
traffic,lightgbm,28,104,True
traffic,lightgbm,29,104,True
traffic,lightgbm,30,104,True
traffic,lightgbm,31,104,True
traffic,lightgbm,32,104,True
traffic,lightgbm,33,104,True
traffic,lightgbm,34,104,True
traffic,lightgbm,35,104,True
traffic,lightgbm,36,104,True
traffic,lightgbm,37,104,True
traffic,lightgbm,38,104,True
traffic,lightgbm,39,104,True
traffic,lightgbm,40,104,True
traffic,lightgbm,41,104,True
traffic,lightgbm,42,103,True
traffic,lightgbm,43,103,True
traffic,lightgbm,44,103,True
traffic,lightgbm,45,103,True
traffic,lightgbm,46,103,True
traffic,lightgbm,47,103,True
traffic,lightgbm,48,103,True
traffic,lightgbm,49,103,True
traffic,lightgbm,50,103,True
traffic,lightgbm,51,103,True
traffic,lightgbm,52,103,True
traffic,lightgbm,53,103,True
traffic,lightgbm,54,103,True
traffic,lightgbm,55,103,True
traffic,lightgbm,56,103,True
traffic,lightgbm,57,103,True
traffic,lightgbm,58,103,True
traffic,lightgbm,59,103,True
traffic,lightgbm,60,103,True
traffic,lightgbm,61,103,True
traffic,lightgbm,62,103,True
traffic,lightgbm,63,103,True
traffic,lightgbm,64,103,True
traffic,lightgbm,65,103,True
traffic,lightgbm,66,102,True
traffic,lightgbm,67,102,True
traffic,lightgbm,68,102,True
traffic,lightgbm,69,102,True
traffic,lightgbm,70,102,True
traffic,lightgbm,71,102,True
traffic,lightgbm,72,102,True
traffic,mlp,1,105,True
traffic,mlp,2,105,True
traffic,mlp,3,105,True
traffic,mlp,4,105,True
traffic,mlp,5,105,True
traffic,mlp,6,105,True
traffic,mlp,7,105,True
traffic,mlp,8,105,True
traffic,mlp,9,105,True
traffic,mlp,10,105,True
traffic,mlp,11,105,True
traffic,mlp,12,105,True
traffic,mlp,13,105,True
traffic,mlp,14,105,True
traffic,mlp,15,105,True
traffic,mlp,16,105,True
traffic,mlp,17,105,True
traffic,mlp,18,104,True
traffic,mlp,19,104,True
traffic,mlp,20,104,True
traffic,mlp,21,104,True
traffic,mlp,22,104,True
traffic,mlp,23,104,True
traffic,mlp,24,104,True
traffic,mlp,25,104,True
traffic,mlp,26,104,True
traffic,mlp,27,104,True
traffic,mlp,28,104,True
traffic,mlp,29,104,True
traffic,mlp,30,104,True
traffic,mlp,31,104,True
traffic,mlp,32,104,True
traffic,mlp,33,104,True
traffic,mlp,34,104,True
traffic,mlp,35,104,True
traffic,mlp,36,104,True
traffic,mlp,37,104,True
traffic,mlp,38,104,True
traffic,mlp,39,104,True
traffic,mlp,40,104,True
traffic,mlp,41,104,True
traffic,mlp,42,103,True
traffic,mlp,43,103,True
traffic,mlp,44,103,True
traffic,mlp,45,103,True
traffic,mlp,46,103,True
traffic,mlp,47,103,True
traffic,mlp,48,103,True
traffic,mlp,49,103,True
traffic,mlp,50,103,True
traffic,mlp,51,103,True
traffic,mlp,52,103,True
traffic,mlp,53,103,True
traffic,mlp,54,103,True
traffic,mlp,55,103,True
traffic,mlp,56,103,True
traffic,mlp,57,103,True
traffic,mlp,58,103,True
traffic,mlp,59,103,True
traffic,mlp,60,103,True
traffic,mlp,61,103,True
traffic,mlp,62,103,True
traffic,mlp,63,103,True
traffic,mlp,64,103,True
traffic,mlp,65,103,True
traffic,mlp,66,102,True
traffic,mlp,67,102,True
traffic,mlp,68,102,True
traffic,mlp,69,102,True
traffic,mlp,70,102,True
traffic,mlp,71,102,True
traffic,mlp,72,102,True
traffic,ridge,1,105,True
traffic,ridge,2,105,True
traffic,ridge,3,105,True
traffic,ridge,4,105,True
traffic,ridge,5,105,True
traffic,ridge,6,105,True
traffic,ridge,7,105,True
traffic,ridge,8,105,True
traffic,ridge,9,105,True
traffic,ridge,10,105,True
traffic,ridge,11,105,True
traffic,ridge,12,105,True
traffic,ridge,13,105,True
traffic,ridge,14,105,True
traffic,ridge,15,105,True
traffic,ridge,16,105,True
traffic,ridge,17,105,True
traffic,ridge,18,104,True
traffic,ridge,19,104,True
traffic,ridge,20,104,True
traffic,ridge,21,104,True
traffic,ridge,22,104,True
traffic,ridge,23,104,True
traffic,ridge,24,104,True
traffic,ridge,25,104,True
traffic,ridge,26,104,True
traffic,ridge,27,104,True
traffic,ridge,28,104,True
traffic,ridge,29,104,True
traffic,ridge,30,104,True
traffic,ridge,31,104,True
traffic,ridge,32,104,True
traffic,ridge,33,104,True
traffic,ridge,34,104,True
traffic,ridge,35,104,True
traffic,ridge,36,104,True
traffic,ridge,37,104,True
traffic,ridge,38,104,True
traffic,ridge,39,104,True
traffic,ridge,40,104,True
traffic,ridge,41,104,True
traffic,ridge,42,103,True
traffic,ridge,43,103,True
traffic,ridge,44,103,True
traffic,ridge,45,103,True
traffic,ridge,46,103,True
traffic,ridge,47,103,True
traffic,ridge,48,103,True
traffic,ridge,49,103,True
traffic,ridge,50,103,True
traffic,ridge,51,103,True
traffic,ridge,52,103,True
traffic,ridge,53,103,True
traffic,ridge,54,103,True
traffic,ridge,55,103,True
traffic,ridge,56,103,True
traffic,ridge,57,103,True
traffic,ridge,58,103,True
traffic,ridge,59,103,True
traffic,ridge,60,103,True
traffic,ridge,61,103,True
traffic,ridge,62,103,True
traffic,ridge,63,103,True
traffic,ridge,64,103,True
traffic,ridge,65,103,True
traffic,ridge,66,102,True
traffic,ridge,67,102,True
traffic,ridge,68,102,True
traffic,ridge,69,102,True
traffic,ridge,70,102,True
traffic,ridge,71,102,True
traffic,ridge,72,102,True
pm10,extratrees,1,2536,True
pm10,extratrees,2,2535,True
pm10,extratrees,3,2534,True
pm10,extratrees,4,2533,True
pm10,extratrees,5,2532,True
pm10,extratrees,6,2531,True
pm10,extratrees,7,2530,True
pm10,knn,1,2536,True
pm10,knn,2,2535,True
pm10,knn,3,2534,True
pm10,knn,4,2533,True
pm10,knn,5,2532,True
pm10,knn,6,2531,True
pm10,knn,7,2530,True
pm10,lightgbm,1,2536,True
pm10,lightgbm,2,2535,True
pm10,lightgbm,3,2534,True
pm10,lightgbm,4,2533,True
pm10,lightgbm,5,2532,True
pm10,lightgbm,6,2531,True
pm10,lightgbm,7,2530,True
pm10,mlp,1,2536,True
pm10,mlp,2,2535,True
pm10,mlp,3,2534,True
pm10,mlp,4,2533,True
pm10,mlp,5,2532,True
pm10,mlp,6,2531,True
pm10,mlp,7,2530,True
pm10,ridge,1,2536,True
pm10,ridge,2,2535,True
pm10,ridge,3,2534,True
pm10,ridge,4,2533,True
pm10,ridge,5,2532,True
pm10,ridge,6,2531,True
pm10,ridge,7,2530,True
pm10_bcn,extratrees,1,2441,True
pm10_bcn,extratrees,2,2440,True
pm10_bcn,extratrees,3,2439,True
pm10_bcn,extratrees,4,2438,True
pm10_bcn,extratrees,5,2437,True
pm10_bcn,extratrees,6,2436,True
pm10_bcn,extratrees,7,2435,True
pm10_bcn,knn,1,2441,True
pm10_bcn,knn,2,2440,True
pm10_bcn,knn,3,2439,True
pm10_bcn,knn,4,2438,True
pm10_bcn,knn,5,2437,True
pm10_bcn,knn,6,2436,True
pm10_bcn,knn,7,2435,True
pm10_bcn,lightgbm,1,2441,True
pm10_bcn,lightgbm,2,2440,True
pm10_bcn,lightgbm,3,2439,True
pm10_bcn,lightgbm,4,2438,True
pm10_bcn,lightgbm,5,2437,True
pm10_bcn,lightgbm,6,2436,True
pm10_bcn,lightgbm,7,2435,True
pm10_bcn,mlp,1,2441,True
pm10_bcn,mlp,2,2440,True
pm10_bcn,mlp,3,2439,True
pm10_bcn,mlp,4,2438,True
pm10_bcn,mlp,5,2437,True
pm10_bcn,mlp,6,2436,True
pm10_bcn,mlp,7,2435,True
pm10_bcn,ridge,1,2441,True
pm10_bcn,ridge,2,2440,True
pm10_bcn,ridge,3,2439,True
pm10_bcn,ridge,4,2438,True
pm10_bcn,ridge,5,2437,True
pm10_bcn,ridge,6,2436,True
pm10_bcn,ridge,7,2435,True
