horizon,baseline_mae,model_mae,n,baseline_rmse,model_rmse
1,2.288728813559322,2.203957436845004,354,3.281960408702973,3.143817618805405
2,2.857598870056497,2.4950222721071427,354,3.8764864471762626,3.365293999957674
3,2.9680508474576275,2.5439998993188655,354,4.0595286874022465,3.4456364103856028
4,3.1215254237288135,2.7133412171203934,354,4.242987701227563,3.5530938336049305
5,3.0523446327683614,2.588374945248665,354,4.226738568512805,3.642385177667734
6,3.2521751412429376,2.7047152629650113,354,4.399608129699196,3.815594776169379
7,3.226638418079096,2.6676234374445373,354,4.496860518158642,3.826157063582263
8,3.417711864406779,2.7784979040542126,354,4.769886323249556,4.167957071661978
9,3.4322881355932204,2.7445900089566155,354,4.794228551198821,4.128962688399707
10,3.305536723163842,2.6858114428300843,354,4.635927128308107,4.0394141981903156
11,3.3940960451977396,2.7322480193288987,354,4.570612186864235,3.950535679373452
12,3.530084745762712,2.831798541854163,354,4.757217977069785,4.148644325494952
13,3.6894067796610175,2.9353190509919793,354,5.031173246598464,4.361905102350553
14,3.695254237288136,2.838344379745074,354,5.030625080500928,4.1840068805715065
15,3.7450282485875714,2.840675607598483,354,5.1595286759734265,4.266885357339979
16,3.7537288135593223,3.0055220927074635,354,5.01907519561214,4.214237350992555
17,3.6387570621468925,3.038094852479419,354,4.9413942198693475,4.208882051944404
18,3.506883852691218,3.029864825447647,353,4.814971428612733,4.184632405296269
19,3.511076487252125,2.939741393826243,353,4.919935655628444,4.286452633858831
20,3.436090651558074,3.015193701327861,353,4.608108938454966,3.9831470779318883
21,3.5632861189801703,3.1376431042181494,353,4.70406647059471,4.107821835727261
22,3.5230594900849854,3.2602277455817705,353,4.7234254387418995,4.323088631898329
23,3.388158640226629,3.031349151110878,353,4.565789339710886,3.955187824260571
24,3.4781534090909094,2.9045536681434245,352,4.737528993674771,3.913580229710807
25,3.6994034090909085,3.155166388342114,352,4.935713687226269,4.199199583515732
26,3.724261363636364,3.090181405714429,352,4.910336673793356,4.0760509292349605
27,3.7190625,3.0309763022681904,352,4.8764131110423214,3.9556365049376
28,3.7423863636363635,2.914739987079571,352,4.956173835824273,3.8103423159730765
29,3.6588352272727267,3.0736038830939347,352,4.993280797732088,4.1206419116212265
30,3.7294318181818182,3.123835151462693,352,5.13345333881766,4.39336030217881
31,3.803153409090909,2.8813309688811217,352,5.274563989951293,4.211350809109912
32,3.8552556818181825,2.998333619327782,352,5.357616047824731,4.48892784031584
33,3.7969886363636363,3.1107799274037817,352,5.299060111772825,4.515664559134251
34,3.6268181818181815,2.8741916331744646,352,5.08422661053505,4.215191479290765
35,3.6338352272727277,2.9302852191043045,352,5.084094543726096,4.20153233095475
36,3.8380965909090907,2.9669417477297553,352,5.344249059630701,4.337024761178962
37,4.030710227272727,3.107759934257403,352,5.60066638182052,4.5050688246013015
38,4.265028409090909,3.1951916424199136,352,5.772843384211662,4.558304616802971
39,4.271761363636364,3.127536569961008,352,5.8601326388960295,4.502621754168166
40,4.226221590909091,3.1036143936530745,352,5.778639422869838,4.37859433603948
41,4.003352272727272,3.0355014997775798,352,5.563557611407879,4.23236033769159
42,3.8521937321937325,2.9198086696320105,351,5.362236479024406,4.1047641849748
43,3.8798290598290603,2.9919250983553325,351,5.4888778504335525,4.288595465954839
44,3.839145299145299,3.081425637582023,351,5.182582708723859,4.001307793714348
45,3.8662393162393167,3.1544139690313777,351,5.177587603345152,4.138969520896516
46,4.026438746438747,3.194903994959766,351,5.338503103362907,4.262302803345074
47,3.876381766381767,3.168231887743782,351,5.080938654110834,4.1451563063079435
48,3.904742857142857,2.991322746719915,350,5.159958250107954,4.0791040794865685
