date,pm10
2017-01-02,26.0
2017-01-03,30.75
2017-01-04,24.583333333333332
2017-01-05,29.863636363636363
2017-01-06,19.333333333333332
2017-01-07,30.041666666666668
2017-01-08,30.291666666666668
2017-01-09,25.25
2017-01-10,22.375
2017-01-11,27.583333333333332
2017-01-12,25.916666666666668
2017-01-13,20.416666666666668
2017-01-14,11.791666666666666
2017-01-15,14.75
2017-01-16,22.0
2017-01-17,18.916666666666668
2017-01-18,24.75
2017-01-19,35.91304347826087
2017-01-20,20.541666666666668
2017-01-21,20.5
2017-01-22,8.458333333333334
2017-01-23,15.75
2017-01-24,24.666666666666668
2017-01-25,25.791666666666668
2017-01-26,26.125
2017-01-27,30.875
2017-01-28,13.333333333333334
2017-01-29,13.416666666666666
2017-01-30,33.458333333333336
2017-01-31,25.458333333333332
2017-02-01,28.333333333333332
2017-02-02,27.80952380952381
2017-02-03,26.708333333333332
2017-02-04,22.375
2017-02-05,18.583333333333332
2017-02-06,15.708333333333334
2017-02-07,24.125
2017-02-08,13.875
2017-02-09,18.125
2017-02-10,27.166666666666668
2017-02-11,23.375
2017-02-12,39.416666666666664
2017-02-13,52.541666666666664
2017-02-14,33.904761904761905
2017-02-15,31.208333333333332
2017-02-16,34.958333333333336
2017-02-17,35.0
2017-02-18,33.291666666666664
2017-02-19,22.25
2017-02-20,27.958333333333332
2017-02-21,33.875
2017-02-22,44.583333333333336
2017-02-23,53.583333333333336
2017-02-24,35.541666666666664
2017-02-25,21.25
2017-02-26,21.333333333333332
2017-02-27,34.833333333333336
2017-02-28,27.5
2017-03-01,20.291666666666668
2017-03-02,30.625
2017-03-03,23.541666666666668
2017-03-04,9.75
2017-03-05,13.25
2017-03-06,19.833333333333332
2017-03-07,27.047619047619047
2017-03-08,30.875
2017-03-09,37.833333333333336
2017-03-10,47.666666666666664
2017-03-11,37.5
2017-03-12,22.208333333333332
2017-03-13,30.291666666666668
2017-03-14,29.833333333333332
2017-03-15,37.625
2017-03-16,45.833333333333336
2017-03-17,41.333333333333336
2017-03-18,37.666666666666664
2017-03-19,33.583333333333336
2017-03-20,49.15
2017-03-21,32.916666666666664
2017-03-22,28.208333333333332
2017-03-23,25.0
2017-03-24,16.666666666666668
2017-03-25,15.708333333333334
2017-03-26,21.318181818181817
2017-03-27,22.291666666666668
2017-03-28,26.0
2017-03-29,32.291666666666664
2017-03-30,35.625
2017-03-31,21.285714285714285
2017-04-01,12.083333333333334
2017-04-02,12.083333333333334
2017-04-03,20.35
2017-04-04,29.375
2017-04-05,22.4375
2017-04-06,20.458333333333332
2017-04-07,29.291666666666668
2017-04-08,30.125
2017-04-09,24.75
2017-04-10,33.208333333333336
2017-04-11,34.041666666666664
2017-04-12,23.791666666666668
2017-04-13,35.041666666666664
2017-04-14,28.166666666666668
2017-04-15,28.291666666666668
2017-04-16,24.333333333333332
2017-04-17,27.875
2017-04-18,34.208333333333336
2017-04-19,27.047619047619047
2017-04-20,27.666666666666668
2017-04-21,27.625
2017-04-22,27.208333333333332
2017-04-23,26.458333333333332
2017-04-24,32.25
2017-04-25,31.75
2017-04-26,20.458333333333332
2017-04-27,11.916666666666666
2017-04-28,17.454545454545453
2017-04-29,19.45
2017-04-30,18.291666666666668
2017-05-01,12.916666666666666
2017-05-02,24.208333333333332
2017-05-03,17.473684210526315
2017-05-04,20.916666666666668
2017-05-05,24.333333333333332
2017-05-06,27.666666666666668
2017-05-07,19.541666666666668
2017-05-08,29.25
2017-05-09,25.25
2017-05-10,27.166666666666668
2017-05-11,27.041666666666668
2017-05-12,23.166666666666668
2017-05-13,16.208333333333332
2017-05-14,18.666666666666668
2017-05-15,28.125
2017-05-16,38.333333333333336
2017-05-17,34.666666666666664
2017-05-18,21.541666666666668
2017-05-19,20.458333333333332
2017-05-20,18.958333333333332
2017-05-21,22.708333333333332
2017-05-22,27.916666666666668
2017-05-23,35.875
2017-05-24,45.791666666666664
2017-05-25,46.0
2017-05-26,34.458333333333336
2017-05-27,26.416666666666668
2017-05-28,24.958333333333332
2017-05-29,33.208333333333336
2017-05-30,25.708333333333332
2017-05-31,28.583333333333332
2017-06-01,34.958333333333336
2017-06-02,33.55
2017-06-03,29.833333333333332
2017-06-04,17.375
2017-06-05,11.541666666666666
2017-06-06,24.666666666666668
2017-06-07,34.25
2017-06-08,35.958333333333336
2017-06-09,33.416666666666664
2017-06-10,31.375
2017-06-11,28.25
2017-06-12,33.523809523809526
2017-06-13,40.458333333333336
2017-06-14,36.208333333333336
2017-06-15,46.958333333333336
2017-06-16,41.75
2017-06-17,29.5
2017-06-18,28.458333333333332
2017-06-19,33.904761904761905
2017-06-20,26.0
2017-06-22,43.733333333333334
2017-06-23,92.41666666666667
2017-06-24,87.04166666666667
2017-06-25,27.5
2017-06-26,33.041666666666664
2017-06-27,31.541666666666668
2017-06-28,41.875
2017-06-29,26.041666666666668
2017-06-30,20.083333333333332
2017-07-01,16.958333333333332
2017-07-02,16.083333333333332
2017-07-03,24.866666666666667
2017-07-04,34.541666666666664
2017-07-05,22.583333333333332
2017-07-06,31.625
2017-07-07,32.583333333333336
2017-07-08,31.375
2017-07-09,27.416666666666668
2017-07-10,33.041666666666664
2017-07-11,29.958333333333332
2017-07-12,38.041666666666664
2017-07-13,34.208333333333336
2017-07-14,30.916666666666668
2017-07-15,32.583333333333336
2017-07-16,27.083333333333332
2017-07-17,29.526315789473685
2017-07-18,34.041666666666664
2017-07-19,32.541666666666664
2017-07-20,34.375
2017-07-21,29.541666666666668
2017-07-22,30.541666666666668
2017-07-23,26.541666666666668
2017-07-24,24.708333333333332
2017-07-25,25.708333333333332
2017-07-26,24.416666666666668
2017-07-27,29.875
2017-07-28,25.666666666666668
2017-07-29,19.083333333333332
2017-07-30,21.291666666666668
2017-07-31,30.894736842105264
2017-08-01,48.541666666666664
2017-08-02,56.0
2017-08-03,58.125
2017-08-04,42.416666666666664
2017-08-05,36.833333333333336
2017-08-06,24.875
2017-08-07,21.583333333333332
2017-08-08,25.25
2017-08-09,19.791666666666668
2017-08-10,17.458333333333332
2017-08-11,21.833333333333332
2017-08-12,18.833333333333332
2017-08-13,20.083333333333332
2017-08-14,20.5
2017-08-15,21.916666666666668
2017-08-16,22.208333333333332
2017-08-17,28.25
2017-08-18,32.416666666666664
2017-08-19,16.875
2017-08-20,21.916666666666668
2017-08-21,24.625
2017-08-22,26.416666666666668
2017-08-23,25.208333333333332
2017-08-24,25.791666666666668
2017-08-25,27.875
2017-08-26,28.416666666666668
2017-08-27,29.208333333333332
2017-08-28,37.05
2017-08-29,41.208333333333336
2017-08-30,22.5
2017-08-31,22.708333333333332
2017-09-01,20.125
2017-09-02,17.208333333333332
2017-09-03,19.416666666666668
2017-09-04,22.25
2017-09-05,25.75
2017-09-06,26.791666666666668
2017-09-07,26.833333333333332
2017-09-08,29.0
2017-09-09,23.125
2017-09-10,11.708333333333334
2017-09-11,15.333333333333334
2017-09-12,24.208333333333332
2017-09-13,26.285714285714285
2017-09-14,27.708333333333332
2017-09-15,12.0
2017-09-16,10.541666666666666
2017-09-17,12.833333333333334
2017-09-18,17.583333333333332
2017-09-19,18.625
2017-09-20,22.375
2017-09-21,29.666666666666668
2017-09-22,28.958333333333332
2017-09-23,21.666666666666668
2017-09-24,21.458333333333332
2017-09-25,24.625
2017-09-26,21.3
2017-09-27,21.75
2017-09-28,24.75
2017-09-29,24.25
2017-09-30,22.416666666666668
2017-10-01,15.416666666666666
2017-10-02,21.625
2017-10-03,20.083333333333332
2017-10-04,23.833333333333332
2017-10-05,22.25
2017-10-06,30.666666666666668
2017-10-07,24.75
2017-10-08,27.583333333333332
2017-10-09,33.583333333333336
2017-10-10,29.1
2017-10-11,31.041666666666668
2017-10-12,27.916666666666668
2017-10-13,31.416666666666668
2017-10-14,23.916666666666668
2017-10-15,22.333333333333332
2017-10-16,29.75
2017-10-17,30.083333333333332
2017-10-18,29.791666666666668
2017-10-19,15.958333333333334
2017-10-20,22.75
2017-10-21,24.083333333333332
2017-10-22,11.791666666666666
2017-10-23,16.772727272727273
2017-10-24,53.0
2017-10-25,36.416666666666664
2017-10-26,30.416666666666668
2017-10-27,42.083333333333336
2017-10-28,26.291666666666668
2017-10-29,17.958333333333332
2017-10-30,21.333333333333332
2017-10-31,22.958333333333332
2017-11-01,22.833333333333332
2017-11-02,25.166666666666668
2017-11-03,28.208333333333332
2017-11-04,20.916666666666668
2017-11-05,9.708333333333334
2017-11-06,10.88888888888889
2017-11-07,16.791666666666668
2017-11-08,21.833333333333332
2017-11-09,20.25
2017-11-10,20.333333333333332
2017-11-11,24.541666666666668
2017-11-12,13.375
2017-11-13,18.333333333333332
2017-11-14,23.291666666666668
2017-11-15,35.375
2017-11-16,39.083333333333336
2017-11-17,51.541666666666664
2017-11-18,40.833333333333336
2017-11-19,28.25
2017-11-20,43.0
2017-11-21,55.166666666666664
2017-11-22,42.375
2017-11-23,34.916666666666664
2017-11-24,61.708333333333336
2017-11-25,31.916666666666668
2017-11-26,13.583333333333334
2017-11-27,21.454545454545453
2017-11-28,22.583333333333332
2017-11-29,27.791666666666668
2017-11-30,21.25
2017-12-01,18.333333333333332
2017-12-02,14.75
2017-12-03,16.083333333333332
2017-12-04,20.708333333333332
2017-12-05,24.541666666666668
2017-12-06,22.5
2017-12-07,30.875
2017-12-08,25.208333333333332
2017-12-09,16.625
2017-12-10,21.0
2017-12-11,27.19047619047619
2017-12-12,17.125
2017-12-13,16.625
2017-12-14,23.083333333333332
2017-12-15,17.75
2017-12-16,12.125
2017-12-17,13.666666666666666
2017-12-18,16.541666666666668
2017-12-19,21.0
2017-12-20,21.625
2017-12-21,25.208333333333332
2017-12-22,22.727272727272727
2017-12-23,11.958333333333334
2017-12-24,17.666666666666668
2017-12-25,20.25
2017-12-26,11.791666666666666
2017-12-27,16.541666666666668
2017-12-28,16.5
2017-12-29,24.125
2017-12-30,27.125
2017-12-31,15.333333333333334
2018-01-01,16.625
2018-01-02,16.166666666666668
2018-01-03,15.666666666666666
2018-01-04,17.125
2018-01-05,12.45
2018-01-06,27.708333333333332
2018-01-07,22.958333333333332
2018-01-08,20.25
2018-01-09,16.541666666666668
2018-01-10,14.416666666666666
2018-01-11,14.708333333333334
2018-01-12,19.541666666666668
2018-01-13,22.625
2018-01-14,10.333333333333334
2018-01-15,14.136363636363637
2018-01-16,14.478260869565217
2018-01-17,23.416666666666668
2018-01-18,16.958333333333332
2018-01-19,32.416666666666664
2018-01-20,13.375
2018-01-21,11.083333333333334
2018-01-22,18.625
2018-01-23,24.458333333333332
2018-01-24,31.916666666666668
2018-01-25,18.291666666666668
2018-01-26,11.791666666666666
2018-01-27,12.5
2018-01-28,18.458333333333332
2018-01-29,21.25
2018-01-30,30.041666666666668
2018-01-31,31.681818181818183
2018-02-01,19.583333333333332
2018-02-02,11.458333333333334
2018-02-03,8.791666666666666
2018-02-04,9.5
2018-02-05,20.583333333333332
2018-02-06,23.875
2018-02-07,12.916666666666666
2018-02-08,15.958333333333334
2018-02-09,15.416666666666666
2018-02-10,16.208333333333332
2018-02-11,15.416666666666666
2018-02-12,14.0
2018-02-13,11.083333333333334
2018-02-14,23.541666666666668
2018-02-15,36.0
2018-02-16,31.0
2018-02-17,19.75
2018-02-18,12.583333333333334
2018-02-19,18.541666666666668
2018-02-20,21.083333333333332
2018-02-21,16.416666666666668
2018-02-22,22.75
2018-02-23,22.916666666666668
2018-02-24,21.041666666666668
2018-02-25,24.833333333333332
2018-02-26,25.041666666666668
2018-02-27,17.791666666666668
2018-02-28,17.208333333333332
2018-03-01,30.25
2018-03-02,14.291666666666666
2018-03-03,13.083333333333334
2018-03-04,19.625
2018-03-05,14.25
2018-03-06,11.166666666666666
2018-03-07,13.363636363636363
2018-03-08,23.208333333333332
2018-03-09,25.583333333333332
2018-03-10,25.0
2018-03-11,14.708333333333334
2018-03-12,14.958333333333334
2018-03-13,17.875
2018-03-14,22.833333333333332
2018-03-15,16.75
2018-03-16,12.708333333333334
2018-03-17,9.208333333333334
2018-03-18,10.625
2018-03-19,14.041666666666666
2018-03-20,13.791666666666666
2018-03-21,15.916666666666666
2018-03-22,17.958333333333332
2018-03-23,21.25
2018-03-24,11.166666666666666
2018-03-25,14.478260869565217
2018-03-26,19.473684210526315
2018-03-27,18.083333333333332
2018-03-28,29.25
2018-03-29,23.791666666666668
2018-03-30,17.791666666666668
2018-03-31,17.916666666666668
2018-04-01,13.375
2018-04-02,19.833333333333332
2018-04-03,44.958333333333336
2018-04-04,33.208333333333336
2018-04-05,25.833333333333332
2018-04-06,30.25
2018-04-07,27.041666666666668
2018-04-08,22.833333333333332
2018-04-09,18.375
2018-04-10,21.083333333333332
2018-04-11,23.166666666666668
2018-04-12,15.782608695652174
2018-04-13,26.0
2018-04-14,20.708333333333332
2018-04-15,27.125
2018-04-16,34.73913043478261
2018-04-17,30.125
2018-04-18,36.916666666666664
2018-04-19,39.541666666666664
2018-04-20,41.875
2018-04-21,55.041666666666664
2018-04-22,48.958333333333336
2018-04-23,54.041666666666664
2018-04-24,49.666666666666664
2018-04-25,52.166666666666664
2018-04-26,38.04347826086956
2018-04-27,41.708333333333336
2018-04-28,35.708333333333336
2018-04-29,25.208333333333332
2018-04-30,18.291666666666668
2018-05-01,8.541666666666666
2018-05-02,19.208333333333332
2018-05-03,20.666666666666668
2018-05-04,24.25
2018-05-05,28.5
2018-05-06,26.958333333333332
2018-05-07,38.791666666666664
2018-05-08,41.958333333333336
2018-05-09,30.954545454545453
2018-05-10,31.666666666666668
2018-05-11,32.541666666666664
2018-05-12,30.416666666666668
2018-05-13,13.333333333333334
2018-05-14,14.916666666666666
2018-05-15,22.666666666666668
2018-05-16,36.541666666666664
2018-05-17,32.75
2018-05-18,30.791666666666668
2018-05-19,31.916666666666668
2018-05-20,21.791666666666668
2018-05-21,22.0
2018-05-22,38.083333333333336
2018-05-23,36.09090909090909
2018-05-24,35.0
2018-05-25,30.333333333333332
2018-05-26,26.875
2018-05-27,32.375
2018-05-28,39.166666666666664
2018-05-29,45.375
2018-05-30,34.0
2018-05-31,30.75
2018-06-01,36.666666666666664
2018-06-02,27.916666666666668
2018-06-03,16.166666666666668
2018-06-04,21.875
2018-06-05,26.5
2018-06-06,23.428571428571427
2018-06-07,18.416666666666668
2018-06-08,23.583333333333332
2018-06-09,21.791666666666668
2018-06-10,27.208333333333332
2018-06-11,29.625
2018-06-12,28.208333333333332
2018-06-13,29.708333333333332
2018-06-14,33.166666666666664
2018-06-15,33.63636363636363
2018-06-16,28.666666666666668
2018-06-17,25.833333333333332
2018-06-18,28.0
2018-06-19,35.0
2018-06-20,31.952380952380953
2018-06-21,44.666666666666664
2018-06-22,46.916666666666664
2018-06-23,61.375
2018-06-24,71.45833333333333
2018-06-25,30.541666666666668
2018-06-26,34.125
2018-06-27,44.333333333333336
2018-06-28,28.708333333333332
2018-06-29,31.416666666666668
2018-06-30,23.291666666666668
2018-07-01,25.625
2018-07-02,40.458333333333336
2018-07-03,43.75
2018-07-04,39.416666666666664
2018-07-05,33.22727272727273
2018-07-06,29.166666666666668
2018-07-07,32.416666666666664
2018-07-08,31.666666666666668
2018-07-09,44.208333333333336
2018-07-10,35.25
2018-07-11,31.458333333333332
2018-07-12,32.041666666666664
2018-07-13,30.916666666666668
2018-07-14,31.5
2018-07-15,40.958333333333336
2018-07-16,34.19047619047619
2018-07-17,26.454545454545453
2018-07-18,29.0
2018-07-19,31.0
2018-07-20,28.583333333333332
2018-07-21,22.625
2018-07-22,19.875
2018-07-23,22.291666666666668
2018-07-24,23.708333333333332
2018-07-25,30.125
2018-07-26,27.916666666666668
2018-07-27,37.083333333333336
2018-07-28,28.666666666666668
2018-07-29,27.458333333333332
2018-07-30,28.8
2018-07-31,31.19047619047619
2018-08-01,37.791666666666664
2018-08-02,41.166666666666664
2018-08-03,36.833333333333336
2018-08-04,29.416666666666668
2018-08-05,26.208333333333332
2018-08-06,31.08695652173913
2018-08-07,22.263157894736842
2018-08-08,22.571428571428573
2018-08-09,19.181818181818183
2018-08-10,15.136363636363637
2018-08-11,22.041666666666668
2018-08-12,25.0
2018-08-13,26.916666666666668
2018-08-14,18.833333333333332
2018-08-15,19.375
2018-08-16,23.363636363636363
2018-08-20,29.0
2018-08-21,23.583333333333332
2018-08-22,26.75
2018-08-23,34.458333333333336
2018-08-24,24.5
2018-08-25,23.833333333333332
2018-08-26,25.541666666666668
2018-08-27,29.541666666666668
2018-08-28,28.958333333333332
2018-08-29,27.458333333333332
2018-08-30,28.083333333333332
2018-08-31,23.916666666666668
2018-09-01,20.75
2018-09-02,20.541666666666668
2018-09-03,25.625
2018-09-04,28.958333333333332
2018-09-05,25.375
2018-09-06,21.041666666666668
2018-09-07,21.5
2018-09-08,19.25
2018-09-09,19.166666666666668
2018-09-10,24.666666666666668
2018-09-11,25.916666666666668
2018-09-12,25.125
2018-09-13,27.416666666666668
2018-09-14,28.583333333333332
2018-09-15,20.458333333333332
2018-09-16,20.291666666666668
2018-09-17,19.791666666666668
2018-09-18,24.666666666666668
2018-09-19,32.916666666666664
2018-09-20,37.666666666666664
2018-09-21,37.95454545454545
2018-09-22,27.416666666666668
2018-09-23,27.791666666666668
2018-09-24,27.125
2018-09-25,37.166666666666664
2018-09-26,41.875
2018-09-27,32.25
2018-09-28,44.041666666666664
2018-09-29,37.5
2018-09-30,27.75
2018-10-01,29.541666666666668
2018-10-02,35.916666666666664
2018-10-03,39.333333333333336
2018-10-04,27.25
2018-10-05,29.666666666666668
2018-10-06,29.541666666666668
2018-10-07,20.25
2018-10-08,16.833333333333332
2018-10-09,17.125
2018-10-10,19.416666666666668
2018-10-11,25.90909090909091
2018-10-12,28.958333333333332
2018-10-13,27.541666666666668
2018-10-14,29.0
2018-10-15,18.958333333333332
2018-10-16,28.75
2018-10-17,21.583333333333332
2018-10-18,24.958333333333332
2018-10-19,33.75
2018-10-20,34.708333333333336
2018-10-21,33.083333333333336
2018-10-22,31.083333333333332
2018-10-23,29.041666666666668
2018-10-24,26.5
2018-10-25,37.333333333333336
2018-10-26,45.291666666666664
2018-10-27,14.916666666666666
2018-10-28,6.625
2018-10-29,13.0
2018-10-30,18.476190476190474
2018-10-31,33.958333333333336
2018-11-01,13.166666666666666
2018-11-02,19.208333333333332
2018-11-03,13.75
2018-11-04,20.166666666666668
2018-11-05,29.708333333333332
2018-11-06,11.291666666666666
2018-11-07,22.09090909090909
2018-11-08,28.375
2018-11-09,14.916666666666666
2018-11-10,15.416666666666666
2018-11-11,19.5
2018-11-12,36.5
2018-11-13,37.0
2018-11-14,32.833333333333336
2018-11-15,23.916666666666668
2018-11-16,26.333333333333332
2018-11-17,26.041666666666668
2018-11-18,15.333333333333334
2018-11-19,24.083333333333332
2018-11-20,23.291666666666668
2018-11-21,19.458333333333332
2018-11-22,21.041666666666668
2018-11-23,28.083333333333332
2018-11-24,12.125
2018-11-25,14.125
2018-11-26,12.208333333333334
2018-11-27,17.916666666666668
2018-11-28,27.0
2018-11-29,41.833333333333336
2018-11-30,27.238095238095237
2018-12-01,14.125
2018-12-02,15.666666666666666
2018-12-03,19.125
2018-12-04,34.625
2018-12-05,35.0
2018-12-06,19.666666666666668
2018-12-07,14.75
2018-12-08,18.666666666666668
2018-12-09,21.5
2018-12-10,26.416666666666668
2018-12-11,37.041666666666664
2018-12-12,32.833333333333336
2018-12-13,22.708333333333332
2018-12-14,19.5
2018-12-15,11.666666666666666
2018-12-16,12.208333333333334
2018-12-17,16.666666666666668
2018-12-18,21.875
2018-12-19,20.375
2018-12-20,18.041666666666668
2018-12-21,19.875
2018-12-22,31.625
2018-12-23,28.666666666666668
2018-12-24,36.75
2018-12-25,30.875
2018-12-26,21.541666666666668
2018-12-27,16.916666666666668
2018-12-28,20.833333333333332
2018-12-29,17.291666666666668
2018-12-30,19.708333333333332
2018-12-31,32.666666666666664
2019-01-01,36.833333333333336
2019-01-02,15.833333333333334
2019-01-03,20.375
2019-01-04,34.708333333333336
2019-01-05,18.041666666666668
2019-01-06,17.875
2019-01-07,26.75
2019-01-08,19.625
2019-01-09,22.833333333333332
2019-01-10,21.458333333333332
2019-01-11,20.227272727272727
2019-01-12,18.458333333333332
2019-01-13,12.708333333333334
2019-01-14,24.0
2019-01-15,22.291666666666668
2019-01-16,30.041666666666668
2019-01-17,25.916666666666668
2019-01-18,16.541666666666668
2019-01-19,18.958333333333332
2019-01-20,15.833333333333334
2019-01-21,20.5
2019-01-22,13.958333333333334
2019-01-23,9.727272727272727
2019-01-24,12.416666666666666
2019-01-25,39.333333333333336
2019-01-26,21.166666666666668
2019-01-27,16.666666666666668
2019-01-28,15.75
2019-01-29,15.958333333333334
2019-01-30,14.375
2019-01-31,23.08695652173913
2019-02-01,24.083333333333332
2019-02-02,9.291666666666666
2019-02-03,10.708333333333334
2019-02-04,23.041666666666668
2019-02-05,26.875
2019-02-06,43.416666666666664
2019-02-07,36.31818181818182
2019-02-08,26.583333333333332
2019-02-09,28.041666666666668
2019-02-10,23.0
2019-02-11,24.333333333333332
2019-02-12,27.916666666666668
2019-02-13,30.458333333333332
2019-02-14,27.833333333333332
2019-02-15,39.458333333333336
2019-02-16,38.583333333333336
2019-02-17,25.833333333333332
2019-02-18,29.25
2019-02-19,31.041666666666668
2019-02-20,32.375
2019-02-21,37.291666666666664
2019-02-22,85.875
2019-02-23,53.666666666666664
2019-02-24,35.25
2019-02-25,47.083333333333336
2019-02-26,51.708333333333336
2019-02-27,57.0
2019-02-28,61.708333333333336
2019-03-01,49.041666666666664
2019-03-02,34.041666666666664
2019-03-03,34.5
2019-03-04,42.25
2019-03-05,31.458333333333332
2019-03-06,31.041666666666668
2019-03-07,17.125
2019-03-08,27.875
2019-03-09,30.083333333333332
2019-03-10,28.875
2019-03-11,30.916666666666668
2019-03-12,37.5
2019-03-13,27.416666666666668
2019-03-14,25.59090909090909
2019-03-15,25.041666666666668
2019-03-16,32.833333333333336
2019-03-17,38.916666666666664
2019-03-18,24.0
2019-03-19,24.25
2019-03-20,24.208333333333332
2019-03-21,30.25
2019-03-22,32.666666666666664
2019-03-23,42.208333333333336
2019-03-24,38.208333333333336
2019-03-25,49.708333333333336
2019-03-26,37.375
2019-03-27,36.625
2019-03-28,29.625
2019-03-29,25.208333333333332
2019-03-30,21.458333333333332
2019-03-31,21.565217391304348
2019-04-01,29.583333333333332
2019-04-02,38.291666666666664
2019-04-03,25.4
2019-04-04,16.5
2019-04-05,27.958333333333332
2019-04-06,11.916666666666666
2019-04-07,17.954545454545453
2019-04-08,23.083333333333332
2019-04-09,25.0
2019-04-12,39.57142857142857
2019-04-13,27.541666666666668
2019-04-14,26.875
2019-04-15,24.772727272727273
2019-04-16,23.375
2019-04-17,21.0
2019-04-18,22.545454545454547
2019-04-19,36.791666666666664
2019-04-20,28.166666666666668
2019-04-21,31.958333333333332
2019-04-22,49.5
2019-04-23,38.666666666666664
2019-04-24,31.875
2019-04-25,31.0
2019-04-26,21.833333333333332
2019-04-27,23.291666666666668
2019-04-28,24.166666666666668
2019-04-29,35.291666666666664
2019-04-30,32.291666666666664
2019-05-01,25.625
2019-05-02,27.047619047619047
2019-05-03,16.291666666666668
2019-05-04,12.875
2019-05-05,17.833333333333332
2019-05-06,27.25
2019-05-07,29.166666666666668
2019-05-08,41.130434782608695
2019-05-09,28.541666666666668
2019-05-10,31.583333333333332
2019-05-11,25.916666666666668
2019-05-12,19.956521739130434
2019-05-13,27.541666666666668
2019-05-14,41.708333333333336
2019-05-15,35.791666666666664
2019-05-16,32.391304347826086
2019-05-17,19.125
2019-05-18,12.708333333333334
2019-05-19,10.708333333333334
2019-05-20,17.916666666666668
2019-05-21,30.125
2019-05-22,23.272727272727273
2019-05-23,31.066666666666666
2019-05-24,19.458333333333332
2019-05-25,16.5
2019-05-26,16.458333333333332
2019-05-27,18.875
2019-05-28,20.125
2019-05-29,21.523809523809526
2019-05-30,26.0
2019-05-31,28.545454545454547
2019-06-01,24.541666666666668
2019-06-02,21.875
2019-06-03,30.875
2019-06-04,26.5
2019-06-05,27.833333333333332
2019-06-06,27.708333333333332
2019-06-07,38.916666666666664
2019-06-08,23.541666666666668
2019-06-09,32.916666666666664
2019-06-10,35.625
2019-06-11,15.833333333333334
2019-06-12,14.375
2019-06-13,16.625
2019-06-14,39.916666666666664
2019-06-15,34.333333333333336
2019-06-16,22.041666666666668
2019-06-17,37.291666666666664
2019-06-18,32.541666666666664
2019-06-19,33.833333333333336
2019-06-20,27.90909090909091
2019-06-21,18.916666666666668
2019-06-22,25.875
2019-06-23,40.5
2019-06-24,92.875
2019-06-25,38.541666666666664
2019-06-26,33.208333333333336
2019-06-27,43.833333333333336
2019-06-28,64.08333333333333
2019-06-29,58.5
2019-06-30,41.791666666666664
2019-07-01,38.23809523809524
2019-07-02,42.291666666666664
2019-07-03,42.0
2019-07-04,35.666666666666664
2019-07-05,41.73913043478261
2019-07-06,53.916666666666664
2019-07-07,64.66666666666667
2019-07-08,41.23076923076923
2019-07-09,33.625
2019-07-10,27.166666666666668
2019-07-11,41.291666666666664
2019-07-12,28.125
2019-07-13,26.125
2019-07-14,22.083333333333332
2019-07-15,25.416666666666668
2019-07-16,23.95
2019-07-17,23.833333333333332
2019-07-18,24.458333333333332
2019-07-19,25.25
2019-07-20,22.875
2019-07-21,22.916666666666668
2019-07-22,34.916666666666664
2019-07-23,37.958333333333336
2019-07-24,26.875
2019-07-25,31.875
2019-07-26,30.047619047619047
2019-07-27,19.375
2019-07-28,12.75
2019-07-29,25.208333333333332
2019-07-30,32.583333333333336
2019-07-31,26.083333333333332
2019-08-01,29.541666666666668
2019-08-02,27.791666666666668
2019-08-03,23.291666666666668
2019-08-04,21.708333333333332
2019-08-05,31.333333333333332
2019-08-06,28.545454545454547
2019-08-07,31.458333333333332
2019-08-08,46.291666666666664
2019-08-09,40.083333333333336
2019-08-10,32.333333333333336
2019-08-11,25.666666666666668
2019-08-12,19.166666666666668
2019-08-13,19.958333333333332
2019-08-14,23.25
2019-08-15,24.75
2019-08-16,20.0
2019-08-17,19.083333333333332
2019-08-18,22.708333333333332
2019-08-19,20.958333333333332
2019-08-20,19.916666666666668
2019-08-21,18.458333333333332
2019-08-22,22.375
2019-08-23,23.208333333333332
2019-08-24,33.541666666666664
2019-08-25,22.541666666666668
2019-08-26,32.416666666666664
2019-08-27,25.833333333333332
2019-08-28,26.583333333333332
2019-08-29,25.375
2019-08-30,29.791666666666668
2019-08-31,24.166666666666668
2019-09-01,21.291666666666668
2019-09-02,21.541666666666668
2019-09-03,20.291666666666668
2019-09-04,23.6
2019-09-05,26.583333333333332
2019-09-06,25.125
2019-09-07,21.541666666666668
2019-09-08,19.208333333333332
2019-09-09,19.666666666666668
2019-09-10,15.541666666666666
2019-09-11,16.333333333333332
2019-09-12,33.375
2019-09-13,30.666666666666668
2019-09-14,25.75
2019-09-15,26.25
2019-09-16,33.041666666666664
2019-09-17,45.125
2019-09-18,44.75
2019-09-19,29.5
2019-09-20,32.82608695652174
2019-09-21,25.75
2019-09-22,23.416666666666668
2019-09-23,19.708333333333332
2019-09-24,25.666666666666668
2019-09-25,27.125
2019-09-26,28.708333333333332
2019-09-27,37.125
2019-09-28,25.041666666666668
2019-09-29,28.791666666666668
2019-09-30,30.458333333333332
2019-10-01,33.875
2019-10-02,26.666666666666668
2019-10-03,23.958333333333332
2019-10-04,33.0
2019-10-05,27.375
2019-10-06,27.083333333333332
2019-10-07,32.875
2019-10-08,34.5
2019-10-09,27.208333333333332
2019-10-10,24.083333333333332
2019-10-11,36.0
2019-10-12,24.958333333333332
2019-10-13,25.291666666666668
2019-10-14,36.916666666666664
2019-10-15,15.125
2019-10-16,21.25
2019-10-17,34.041666666666664
2019-10-18,26.333333333333332
2019-10-19,37.875
2019-10-20,22.958333333333332
2019-10-21,20.666666666666668
2019-10-22,19.636363636363637
2019-10-23,20.916666666666668
2019-10-24,21.166666666666668
2019-10-25,21.666666666666668
2019-10-26,26.291666666666668
2019-10-27,27.17391304347826
2019-10-28,28.333333333333332
2019-10-29,33.333333333333336
2019-10-30,41.5
2019-10-31,28.708333333333332
2019-11-01,21.541666666666668
2019-11-02,18.416666666666668
2019-11-03,16.166666666666668
2019-11-04,22.708333333333332
2019-11-05,12.708333333333334
2019-11-06,15.25
2019-11-07,13.523809523809524
2019-11-08,16.375
2019-11-09,11.0
2019-11-10,8.958333333333334
2019-11-11,14.416666666666666
2019-11-12,18.083333333333332
2019-11-13,20.75
2019-11-14,20.416666666666668
2019-11-15,15.5
2019-11-16,12.541666666666666
2019-11-17,11.041666666666666
2019-11-18,17.958333333333332
2019-11-19,13.75
2019-11-20,22.0
2019-11-21,16.166666666666668
2019-11-22,25.708333333333332
2019-11-23,11.0
2019-11-24,11.25
2019-11-25,25.708333333333332
2019-11-26,29.5
2019-11-27,20.5
2019-11-28,18.791666666666668
2019-11-29,18.041666666666668
2019-11-30,18.25
2019-12-01,16.375
2019-12-02,24.416666666666668
2019-12-03,22.541666666666668
2019-12-04,12.904761904761905
2019-12-05,11.375
2019-12-06,17.291666666666668
2019-12-07,18.75
2019-12-08,12.833333333333334
2019-12-09,16.125
2019-12-10,21.541666666666668
2019-12-11,21.625
2019-12-12,11.291666666666666
2019-12-13,13.583333333333334
2019-12-14,12.083333333333334
2019-12-15,12.375
2019-12-16,33.708333333333336
2019-12-17,103.25
2019-12-18,102.04166666666667
2019-12-19,59.833333333333336
2019-12-20,26.208333333333332
2019-12-21,15.791666666666666
2019-12-22,14.333333333333334
2019-12-23,17.875
2019-12-24,17.0
2019-12-25,27.75
2019-12-26,18.041666666666668
2019-12-27,16.761904761904763
2019-12-28,26.416666666666668
2019-12-29,17.75
2019-12-30,21.458333333333332
2019-12-31,17.333333333333332
2020-01-01,17.458333333333332
2020-01-02,20.541666666666668
2020-01-03,21.291666666666668
2020-01-04,19.416666666666668
2020-01-05,16.916666666666668
2020-01-06,22.541666666666668
2020-01-07,26.208333333333332
2020-01-08,37.125
2020-01-09,26.958333333333332
2020-01-10,17.166666666666668
2020-01-11,14.0
2020-01-12,18.933333333333334
2020-01-13,17.833333333333332
2020-01-14,29.41176470588235
2020-01-15,38.95454545454545
2020-01-16,36.375
2020-01-17,26.375
2020-01-18,13.5
2020-01-19,13.166666666666666
2020-01-20,14.375
2020-01-21,27.833333333333332
2020-01-22,50.708333333333336
2020-01-23,52.833333333333336
2020-01-24,103.33333333333333
2020-01-25,91.70833333333333
2020-01-26,40.75
2020-01-27,20.375
2020-01-28,16.416666666666668
2020-01-29,31.25
2020-01-30,22.65
2020-01-31,39.541666666666664
2020-02-01,25.416666666666668
2020-02-02,20.708333333333332
2020-02-03,40.541666666666664
2020-02-04,45.875
2020-02-05,21.166666666666668
2020-02-06,29.125
2020-02-07,30.291666666666668
2020-02-08,25.583333333333332
2020-02-09,27.541666666666668
2020-02-10,24.958333333333332
2020-02-11,26.791666666666668
2020-02-12,22.0
2020-02-13,27.75
2020-02-14,37.95454545454545
2020-02-15,24.75
2020-02-16,19.291666666666668
2020-02-17,30.083333333333332
2020-02-18,17.791666666666668
2020-02-19,21.125
2020-02-20,25.083333333333332
2020-02-21,34.041666666666664
2020-02-22,32.666666666666664
2020-02-23,34.625
2020-02-24,38.791666666666664
2020-02-25,38.90909090909091
2020-02-26,27.458333333333332
2020-02-27,26.625
2020-02-28,28.291666666666668
2020-02-29,79.16666666666667
2020-03-01,34.708333333333336
2020-03-02,25.5
2020-03-03,16.541666666666668
2020-03-04,25.958333333333332
2020-03-05,30.208333333333332
2020-03-06,17.791666666666668
2020-03-07,15.083333333333334
2020-03-08,17.0
2020-03-09,23.583333333333332
2020-03-10,26.318181818181817
2020-03-11,35.041666666666664
2020-03-12,36.875
2020-03-13,27.125
2020-03-14,23.708333333333332
2020-03-15,18.333333333333332
2020-03-16,22.625
2020-03-17,28.916666666666668
2020-03-18,25.25
2020-03-19,21.208333333333332
2020-03-20,15.458333333333334
2020-03-21,20.166666666666668
2020-03-22,26.416666666666668
2020-03-23,21.291666666666668
2020-03-24,24.6
2020-03-25,15.083333333333334
2020-03-26,12.541666666666666
2020-03-27,14.708333333333334
2020-03-28,14.583333333333334
2020-03-29,17.130434782608695
2020-03-30,16.916666666666668
2020-03-31,13.75
2020-04-01,17.333333333333332
2020-04-02,14.75
2020-04-03,18.416666666666668
2020-04-04,16.875
2020-04-05,15.045454545454545
2020-04-06,16.0
2020-04-07,15.909090909090908
2020-04-08,16.583333333333332
2020-04-09,18.291666666666668
2020-04-10,22.458333333333332
2020-04-11,21.75
2020-04-12,19.416666666666668
2020-04-13,10.875
2020-04-14,14.625
2020-04-15,24.166666666666668
2020-04-16,29.833333333333332
2020-04-17,25.166666666666668
2020-04-18,25.0
2020-04-19,7.916666666666667
2020-04-20,7.333333333333333
2020-04-21,7.125
2020-04-22,12.083333333333334
2020-04-23,16.291666666666668
2020-04-24,18.772727272727273
2020-04-25,14.375
2020-04-26,11.5
2020-04-27,15.291666666666666
2020-04-28,10.375
2020-04-29,15.458333333333334
2020-04-30,18.333333333333332
2020-05-01,16.041666666666668
2020-05-02,13.916666666666666
2020-05-03,13.25
2020-05-04,22.5
2020-05-05,22.416666666666668
2020-05-06,28.40909090909091
2020-05-07,19.791666666666668
2020-05-08,19.208333333333332
2020-05-09,25.083333333333332
2020-05-10,25.625
2020-05-11,14.6
2020-05-12,12.75
2020-05-13,16.333333333333332
2020-05-14,16.083333333333332
2020-05-15,14.083333333333334
2020-05-16,10.75
2020-05-17,14.208333333333334
2020-05-18,25.458333333333332
2020-05-19,26.708333333333332
2020-05-20,34.5
2020-05-21,40.82608695652174
2020-05-22,31.041666666666668
2020-05-23,21.833333333333332
2020-05-24,22.458333333333332
2020-05-25,30.318181818181817
2020-05-26,30.416666666666668
2020-05-27,26.083333333333332
2020-05-28,25.833333333333332
2020-05-29,29.375
2020-05-30,17.083333333333332
2020-05-31,15.25
2020-06-01,18.083333333333332
2020-06-02,19.375
2020-06-03,22.333333333333332
2020-06-04,17.666666666666668
2020-06-05,20.083333333333332
2020-06-06,22.375
2020-06-07,12.958333333333334
2020-06-08,14.125
2020-06-09,15.375
2020-06-10,16.625
2020-06-11,21.125
2020-06-12,28.0
2020-06-13,17.375
2020-06-14,18.166666666666668
2020-06-15,25.583333333333332
2020-06-16,15.666666666666666
2020-06-17,17.625
2020-06-18,13.0
2020-06-19,16.416666666666668
2020-06-20,19.541666666666668
2020-06-21,23.5
2020-06-22,26.708333333333332
2020-06-23,49.31578947368421
2020-06-24,53.0
2020-06-25,22.375
2020-06-26,26.5
2020-06-27,28.333333333333332
2020-06-28,36.083333333333336
2020-06-29,33.583333333333336
2020-06-30,23.25
2020-07-01,29.791666666666668
2020-07-02,27.041666666666668
2020-07-03,20.458333333333332
2020-07-04,19.125
2020-07-05,24.25
2020-07-06,30.75
2020-07-07,26.0
2020-07-08,25.9
2020-07-09,25.791666666666668
2020-07-10,29.208333333333332
2020-07-11,25.583333333333332
2020-07-12,22.833333333333332
2020-07-13,23.5
2020-07-14,24.208333333333332
2020-07-15,27.958333333333332
2020-07-16,22.875
2020-07-17,23.291666666666668
2020-07-18,21.875
2020-07-19,20.083333333333332
2020-07-20,21.166666666666668
2020-07-21,21.416666666666668
2020-07-22,22.458333333333332
2020-07-23,32.416666666666664
2020-07-24,28.38095238095238
2020-07-25,24.375
2020-07-26,19.791666666666668
2020-07-27,26.333333333333332
2020-07-28,30.083333333333332
2020-07-29,26.791666666666668
2020-07-30,29.5
2020-07-31,32.083333333333336
2020-08-01,31.958333333333332
2020-08-02,26.458333333333332
2020-08-03,18.208333333333332
2020-08-04,20.166666666666668
2020-08-05,22.666666666666668
2020-08-06,24.708333333333332
2020-08-07,24.666666666666668
2020-08-08,24.083333333333332
2020-08-09,25.625
2020-08-10,28.875
2020-08-11,27.666666666666668
2020-08-12,33.095238095238095
2020-08-13,41.875
2020-08-14,28.541666666666668
2020-08-15,31.875
2020-08-16,26.958333333333332
2020-08-17,23.25
2020-08-18,22.333333333333332
2020-08-19,25.083333333333332
2020-08-20,25.083333333333332
2020-08-21,28.291666666666668
2020-08-22,22.208333333333332
2020-08-23,21.833333333333332
2020-08-24,22.541666666666668
2020-08-25,29.75
2020-08-26,23.583333333333332
2020-08-27,22.208333333333332
2020-08-28,19.9
2020-08-29,9.083333333333334
2020-08-30,11.916666666666666
2020-08-31,12.208333333333334
2020-09-01,18.166666666666668
2020-09-02,17.833333333333332
2020-09-03,20.875
2020-09-04,23.625
2020-09-05,17.041666666666668
2020-09-06,21.333333333333332
2020-09-07,15.708333333333334
2020-09-08,18.458333333333332
2020-09-09,19.0
2020-09-10,15.708333333333334
2020-09-11,16.291666666666668
2020-09-12,21.625
2020-09-13,23.291666666666668
2020-09-14,31.25
2020-09-15,24.75
2020-09-16,34.0
2020-09-17,41.458333333333336
2020-09-18,33.375
2020-09-19,23.083333333333332
2020-09-20,9.416666666666666
2020-09-21,16.833333333333332
2020-09-22,15.25
2020-09-23,20.75
2020-09-24,17.125
2020-09-25,25.708333333333332
2020-09-26,10.916666666666666
2020-09-27,10.708333333333334
2020-09-28,20.458333333333332
2020-09-29,21.375
2020-09-30,26.0
2020-10-01,25.458333333333332
2020-10-02,13.458333333333334
2020-10-03,11.25
2020-10-04,12.25
2020-10-05,13.6
2020-10-06,26.0
2020-10-07,26.166666666666668
2020-10-08,26.666666666666668
2020-10-09,32.083333333333336
2020-10-10,20.875
2020-10-11,10.083333333333334
2020-10-12,9.166666666666666
2020-10-13,16.625
2020-10-14,11.958333333333334
2020-10-15,13.833333333333334
2020-10-16,16.375
2020-10-17,22.875
2020-10-18,22.625
2020-10-19,31.666666666666668
2020-10-20,29.5
2020-10-21,86.5
2020-10-22,78.75
2020-10-23,28.0
2020-10-24,14.625
2020-10-25,17.47826086956522
2020-10-26,14.863636363636363
2020-10-27,19.791666666666668
2020-10-28,28.125
2020-10-29,30.958333333333332
2020-10-30,33.0
2020-10-31,32.541666666666664
2020-11-01,29.875
2020-11-02,31.666666666666668
2020-11-03,27.375
2020-11-04,13.041666666666666
2020-11-05,20.375
2020-11-06,17.714285714285715
2020-11-07,32.958333333333336
2020-11-08,14.958333333333334
2020-11-09,30.958333333333332
2020-11-10,26.666666666666668
2020-11-11,21.75
2020-11-12,22.708333333333332
2020-11-13,36.708333333333336
2020-11-14,17.5
2020-11-16,30.88888888888889
2020-11-17,29.708333333333332
2020-11-18,31.285714285714285
2020-11-19,32.041666666666664
2020-11-20,26.166666666666668
2020-11-21,27.666666666666668
2020-11-22,28.833333333333332
2020-11-23,29.958333333333332
2020-11-24,32.875
2020-11-25,39.375
2020-11-26,24.541666666666668
2020-11-27,21.875
2020-11-28,13.375
2020-11-29,22.75
2020-11-30,24.791666666666668
2020-12-01,15.083333333333334
2020-12-02,15.75
2020-12-03,13.058823529411764
2020-12-04,17.083333333333332
2020-12-05,10.583333333333334
2020-12-06,7.458333333333333
2020-12-07,12.333333333333334
2020-12-08,9.25
2020-12-09,12.916666666666666
2020-12-10,19.666666666666668
2020-12-11,22.125
2020-12-12,11.0
2020-12-13,15.583333333333334
2020-12-14,50.5
2020-12-15,31.583333333333332
2020-12-16,26.541666666666668
2020-12-17,32.583333333333336
2020-12-18,28.708333333333332
2020-12-19,24.791666666666668
2020-12-20,13.75
2020-12-21,17.875
2020-12-22,22.75
2020-12-23,25.9
2020-12-24,19.041666666666668
2020-12-25,5.875
2020-12-26,8.583333333333334
2020-12-27,7.333333333333333
2020-12-28,14.208333333333334
2020-12-29,10.608695652173912
2020-12-30,12.708333333333334
2020-12-31,11.166666666666666
2021-01-01,9.583333333333334
2021-01-02,11.541666666666666
2021-01-03,13.875
2021-01-04,12.833333333333334
2021-01-05,15.541666666666666
2021-01-06,16.791666666666668
2021-01-07,20.761904761904763
2021-01-08,21.125
2021-01-09,5.083333333333333
2021-01-10,8.041666666666666
2021-01-11,12.416666666666666
2021-01-12,12.916666666666666
2021-01-13,12.375
2021-01-14,12.458333333333334
2021-01-15,19.875
2021-01-16,15.5
2021-01-17,18.166666666666668
2021-01-18,30.045454545454547
2021-01-19,22.0
2021-01-20,26.5
2021-01-21,25.666666666666668
2021-01-22,11.541666666666666
2021-01-23,8.375
2021-01-24,10.166666666666666
2021-01-25,13.958333333333334
2021-01-26,16.666666666666668
2021-01-27,27.083333333333332
2021-01-28,32.041666666666664
2021-01-29,20.166666666666668
2021-01-30,13.5
2021-01-31,11.625
2021-02-01,19.82608695652174
2021-02-02,23.333333333333332
2021-02-03,26.5
2021-02-04,27.125
2021-02-05,25.25
2021-02-06,120.625
2021-02-07,11.166666666666666
2021-02-08,12.916666666666666
2021-02-09,17.291666666666668
2021-02-10,9.75
2021-02-11,17.583333333333332
2021-02-12,41.333333333333336
2021-02-13,16.125
2021-02-14,17.0
2021-02-15,22.166666666666668
2021-02-16,15.416666666666666
2021-02-17,24.291666666666668
2021-02-18,26.0
2021-02-19,34.625
2021-02-20,30.75
2021-02-21,36.5
2021-02-22,91.33333333333333
2021-02-23,48.458333333333336
2021-02-24,27.833333333333332
2021-02-25,25.875
2021-02-26,33.416666666666664
2021-02-27,34.958333333333336
2021-02-28,32.208333333333336
2021-03-01,42.541666666666664
2021-03-02,45.1
2021-03-03,39.625
2021-03-04,44.791666666666664
2021-03-05,46.625
2021-03-06,32.958333333333336
2021-03-07,29.0
2021-03-08,25.25
2021-03-09,19.166666666666668
2021-03-10,24.833333333333332
2021-03-11,31.166666666666668
2021-03-12,22.666666666666668
2021-03-13,23.083333333333332
2021-03-14,20.833333333333332
2021-03-15,23.0
2021-03-16,23.761904761904763
2021-03-17,28.875
2021-03-18,24.083333333333332
2021-03-19,13.291666666666666
2021-03-20,16.75
2021-03-21,20.416666666666668
2021-03-22,24.25
2021-03-23,27.136363636363637
2021-03-24,34.791666666666664
2021-03-25,36.166666666666664
2021-03-26,33.0
2021-03-27,24.416666666666668
2021-03-28,25.85
2021-03-29,29.8
2021-03-30,28.541666666666668
2021-03-31,39.041666666666664
2021-04-01,37.708333333333336
2021-04-02,25.75
2021-04-03,36.291666666666664
2021-04-04,34.375
2021-04-05,38.083333333333336
2021-04-06,42.25
2021-04-07,30.041666666666668
2021-04-08,32.05
2021-04-09,24.333333333333332
2021-04-10,21.458333333333332
2021-04-11,21.25
2021-04-12,7.846153846153846
2021-04-13,26.8
2021-04-14,21.52173913043478
2021-04-15,24.125
2021-04-16,23.916666666666668
2021-04-17,15.958333333333334
2021-04-18,23.0
2021-04-19,26.428571428571427
2021-04-20,27.916666666666668
2021-04-21,16.916666666666668
2021-04-22,20.791666666666668
2021-04-23,25.208333333333332
2021-04-24,20.041666666666668
2021-04-25,18.708333333333332
2021-04-26,25.625
2021-04-27,27.958333333333332
2021-04-28,23.458333333333332
2021-04-29,21.583333333333332
2021-04-30,22.708333333333332
2021-05-01,13.583333333333334
2021-05-02,13.208333333333334
2021-05-03,17.63157894736842
2021-05-04,20.333333333333332
2021-05-05,26.333333333333332
2021-05-06,30.304347826086957
2021-05-07,30.416666666666668
2021-05-08,24.833333333333332
2021-05-09,30.833333333333332
2021-05-10,28.708333333333332
2021-05-11,19.375
2021-05-12,27.5
2021-05-13,23.791666666666668
2021-05-14,26.041666666666668
2021-05-15,27.166666666666668
2021-05-16,23.083333333333332
2021-05-17,27.22222222222222
2021-05-18,32.166666666666664
2021-05-19,26.833333333333332
2021-05-20,28.4
2021-05-21,28.136363636363637
2021-05-22,22.333333333333332
2021-05-23,23.041666666666668
2021-05-24,25.041666666666668
2021-05-25,33.75
2021-05-26,37.583333333333336
2021-05-27,35.875
2021-05-28,40.5
2021-05-29,35.30434782608695
2021-05-30,27.166666666666668
2021-05-31,26.5
2021-06-01,29.041666666666668
2021-06-02,25.916666666666668
2021-06-03,26.363636363636363
2021-06-04,27.0
2021-06-05,22.041666666666668
2021-06-06,24.333333333333332
2021-06-07,27.333333333333332
2021-06-08,36.0
2021-06-09,31.047619047619047
2021-06-10,37.23809523809524
2021-06-11,37.333333333333336
2021-06-12,30.636363636363637
2021-06-13,30.608695652173914
2021-06-14,37.31578947368421
2021-06-15,40.0
2021-06-16,29.666666666666668
2021-06-17,38.916666666666664
2021-06-18,45.583333333333336
2021-06-19,45.541666666666664
2021-06-20,50.583333333333336
2021-06-21,37.625
2021-06-22,28.166666666666668
2021-06-23,46.166666666666664
2021-06-24,60.21739130434783
2021-06-25,22.375
2021-06-26,22.583333333333332
2021-06-27,21.125
2021-06-28,24.958333333333332
2021-06-29,25.25
2021-06-30,24.75
2021-07-01,30.125
2021-07-02,29.041666666666668
2021-07-03,32.125
2021-07-04,25.75
2021-07-05,21.157894736842106
2021-07-06,30.5
2021-07-07,25.791666666666668
2021-07-08,29.958333333333332
2021-07-09,30.875
2021-07-10,32.208333333333336
2021-07-11,15.541666666666666
2021-07-12,9.125
2021-07-13,20.0
2021-07-14,23.541666666666668
2021-07-15,25.458333333333332
2021-07-16,27.833333333333332
2021-07-17,23.041666666666668
2021-07-18,21.666666666666668
2021-07-19,36.541666666666664
2021-07-20,35.291666666666664
2021-07-21,32.541666666666664
2021-07-22,39.458333333333336
2021-07-23,34.791666666666664
2021-07-24,32.791666666666664
2021-07-25,28.041666666666668
2021-07-26,29.625
2021-07-27,27.791666666666668
2021-07-28,24.375
2021-07-29,25.0
2021-07-30,32.13636363636363
2021-07-31,17.75
2021-08-01,13.083333333333334
2021-08-02,18.291666666666668
2021-08-03,18.875
2021-08-04,21.125
2021-08-05,25.363636363636363
2021-08-06,21.375
2021-08-07,19.0
2021-08-09,26.5
2021-08-10,25.875
2021-08-11,34.0
2021-08-12,37.0
2021-08-13,36.75
2021-08-14,64.5
2021-08-15,54.166666666666664
2021-08-16,36.666666666666664
2021-08-17,20.272727272727273
2021-08-20,40.36363636363637
2021-08-21,24.166666666666668
2021-08-22,21.916666666666668
2021-08-23,21.875
2021-08-24,14.791666666666666
2021-08-25,16.5
2021-08-26,17.916666666666668
2021-08-27,21.625
2021-08-28,17.375
2021-08-29,16.208333333333332
2021-08-30,17.166666666666668
2021-08-31,19.5
2021-09-01,18.0
2021-09-02,21.458333333333332
2021-09-03,21.666666666666668
2021-09-04,16.291666666666668
2021-09-05,19.416666666666668
2021-09-06,21.125
2021-09-07,17.291666666666668
2021-09-08,22.958333333333332
2021-09-09,26.083333333333332
2021-09-10,23.041666666666668
2021-09-11,13.958333333333334
2021-09-12,18.75
2021-09-13,19.416666666666668
2021-09-14,22.083333333333332
2021-09-15,29.083333333333332
2021-09-16,19.36842105263158
2021-09-17,27.208333333333332
2021-09-18,27.208333333333332
2021-09-19,16.833333333333332
2021-09-20,20.833333333333332
2021-09-21,24.208333333333332
2021-09-22,26.75
2021-09-23,27.75
2021-09-24,33.291666666666664
2021-09-25,51.75
2021-09-26,33.875
2021-09-27,38.708333333333336
2021-09-28,26.708333333333332
2021-09-29,27.208333333333332
2021-09-30,23.083333333333332
2021-10-01,24.875
2021-10-02,25.833333333333332
2021-10-03,32.833333333333336
2021-10-04,14.583333333333334
2021-10-05,18.77777777777778
2021-10-06,25.666666666666668
2021-10-07,28.041666666666668
2021-10-08,26.0
2021-10-09,22.833333333333332
2021-10-10,19.833333333333332
2021-10-11,28.166666666666668
2021-10-12,33.333333333333336
2021-10-13,33.0
2021-10-14,27.458333333333332
2021-10-15,41.958333333333336
2021-10-16,27.458333333333332
2021-10-17,29.833333333333332
2021-10-18,30.541666666666668
2021-10-19,25.958333333333332
2021-10-20,20.818181818181817
2021-10-21,31.916666666666668
2021-10-22,40.791666666666664
2021-10-23,30.875
2021-10-24,34.083333333333336
2021-10-25,39.75
2021-10-26,42.041666666666664
2021-10-27,36.291666666666664
2021-10-28,36.041666666666664
2021-10-29,37.666666666666664
2021-10-30,27.75
2021-10-31,24.391304347826086
2021-11-01,12.916666666666666
2021-11-02,14.916666666666666
2021-11-03,15.291666666666666
2021-11-04,18.333333333333332
2021-11-05,19.625
2021-11-06,16.25
2021-11-07,21.375
2021-11-08,31.833333333333332
2021-11-09,26.791666666666668
2021-11-10,23.041666666666668
2021-11-11,24.208333333333332
2021-11-12,27.458333333333332
2021-11-13,26.5
2021-11-14,19.333333333333332
2021-11-15,25.833333333333332
2021-11-16,19.25
2021-11-17,24.894736842105264
2021-11-18,33.0
2021-11-19,37.458333333333336
2021-11-20,36.25
2021-11-21,24.708333333333332
2021-11-22,21.833333333333332
2021-11-23,20.125
2021-11-24,15.375
2021-11-25,16.208333333333332
2021-11-26,13.125
2021-11-27,11.875
2021-11-28,11.166666666666666
2021-11-29,22.958333333333332
2021-11-30,31.416666666666668
2021-12-01,14.041666666666666
2021-12-02,15.0
2021-12-03,25.291666666666668
2021-12-04,15.083333333333334
2021-12-05,12.416666666666666
2021-12-06,16.75
2021-12-07,25.916666666666668
2021-12-08,15.083333333333334
2021-12-09,12.791666666666666
2021-12-10,18.333333333333332
2021-12-11,21.208333333333332
2021-12-12,18.208333333333332
2021-12-13,31.125
2021-12-14,39.5
2021-12-15,55.25
2021-12-16,43.625
2021-12-17,32.583333333333336
2021-12-18,26.791666666666668
2021-12-19,23.291666666666668
2021-12-20,21.458333333333332
2021-12-21,32.875
2021-12-22,39.94736842105263
2021-12-23,22.428571428571427
2021-12-24,31.208333333333332
2021-12-25,18.541666666666668
2021-12-26,14.541666666666666
2021-12-27,17.416666666666668
2021-12-28,22.708333333333332
2021-12-29,29.666666666666668
2021-12-30,40.75
2021-12-31,41.458333333333336
2022-01-01,23.791666666666668
2022-01-02,22.916666666666668
2022-01-03,33.166666666666664
2022-01-04,38.72727272727273
2022-01-05,18.458333333333332
2022-01-06,11.375
2022-01-07,19.125
2022-01-08,13.208333333333334
2022-01-09,12.166666666666666
2022-01-10,18.791666666666668
2022-01-11,27.833333333333332
2022-01-12,25.166666666666668
2022-01-13,34.166666666666664
2022-01-14,33.25
2022-01-15,23.333333333333332
2022-01-16,29.875
2022-01-17,26.041666666666668
2022-01-18,32.208333333333336
2022-01-19,30.666666666666668
2022-01-20,34.291666666666664
2022-01-21,25.625
2022-01-22,23.833333333333332
2022-01-23,31.375
2022-01-24,34.333333333333336
2022-01-25,41.125
2022-01-26,37.541666666666664
2022-01-27,50.875
2022-01-28,55.30434782608695
2022-01-29,49.958333333333336
2022-01-30,41.083333333333336
2022-01-31,44.166666666666664
2022-02-01,41.529411764705884
2022-02-02,41.625
2022-02-03,49.291666666666664
2022-02-04,38.541666666666664
2022-02-05,31.541666666666668
2022-02-06,25.5
2022-02-07,35.041666666666664
2022-02-08,41.391304347826086
2022-02-09,31.708333333333332
2022-02-10,44.416666666666664
2022-02-11,60.041666666666664
2022-02-12,26.333333333333332
2022-02-13,30.791666666666668
2022-02-14,29.833333333333332
2022-02-15,23.708333333333332
2022-02-16,34.9
2022-02-17,43.333333333333336
2022-02-18,49.041666666666664
2022-02-19,24.208333333333332
2022-02-20,19.791666666666668
2022-02-21,32.041666666666664
2022-02-22,42.916666666666664
2022-02-23,40.625
2022-02-24,35.958333333333336
2022-02-25,35.208333333333336
2022-02-26,22.916666666666668
2022-02-27,25.75
2022-02-28,23.75
2022-03-01,31.875
2022-03-02,35.04761904761905
2022-03-03,23.25
2022-03-04,32.166666666666664
2022-03-05,19.416666666666668
2022-03-06,16.291666666666668
2022-03-07,24.416666666666668
2022-03-08,22.791666666666668
2022-03-09,19.625
2022-03-10,23.25
2022-03-11,25.291666666666668
2022-03-12,15.083333333333334
2022-03-13,19.583333333333332
2022-03-14,30.666666666666668
2022-03-15,52.875
2022-03-16,41.833333333333336
2022-03-17,44.791666666666664
2022-03-18,55.708333333333336
2022-03-19,41.5
2022-03-20,34.75
2022-03-21,42.25
2022-03-22,40.541666666666664
2022-03-23,34.5
2022-03-24,36.583333333333336
2022-03-25,38.458333333333336
2022-03-26,33.041666666666664
2022-03-27,48.391304347826086
2022-03-28,57.625
2022-03-29,53.208333333333336
2022-03-30,32.333333333333336
2022-03-31,18.27777777777778
2022-04-01,16.333333333333332
2022-04-02,16.333333333333332
2022-04-03,13.833333333333334
2022-04-04,20.5
2022-04-05,25.0
2022-04-06,35.291666666666664
2022-04-07,42.083333333333336
2022-04-08,38.0
2022-04-09,33.375
2022-04-10,26.833333333333332
2022-04-11,34.083333333333336
2022-04-12,35.708333333333336
2022-04-13,26.333333333333332
2022-04-14,40.916666666666664
2022-04-15,37.708333333333336
2022-04-16,38.333333333333336
2022-04-17,35.291666666666664
2022-04-18,30.666666666666668
2022-04-19,30.666666666666668
2022-04-20,27.25
2022-04-21,13.952380952380953
2022-04-22,23.833333333333332
2022-04-23,26.25
2022-04-24,17.0
2022-04-25,25.666666666666668
2022-04-26,29.75
2022-04-27,31.666666666666668
2022-04-28,37.0
2022-04-29,54.958333333333336
2022-04-30,36.166666666666664
2022-05-01,25.166666666666668
2022-05-02,26.473684210526315
2022-05-03,27.75
2022-05-04,32.416666666666664
2022-05-05,24.833333333333332
2022-05-06,30.125
2022-05-07,26.458333333333332
2022-05-08,29.25
2022-05-09,42.375
2022-05-10,44.25
2022-05-11,60.375
2022-05-12,47.291666666666664
2022-05-13,59.333333333333336
2022-05-14,42.875
2022-05-15,44.208333333333336
2022-05-16,57.541666666666664
2022-05-17,49.416666666666664
2022-05-18,61.416666666666664
2022-05-19,45.625
2022-05-20,42.27272727272727
2022-05-23,49.916666666666664
2022-05-24,26.958333333333332
2022-05-25,13.26086956521739
2022-05-26,23.375
2022-05-27,39.916666666666664
2022-05-28,38.458333333333336
2022-05-29,25.625
2022-05-30,33.041666666666664
2022-05-31,32.541666666666664
2022-06-01,51.25
2022-06-02,36.04545454545455
2022-06-03,42.791666666666664
2022-06-04,44.666666666666664
2022-06-05,34.208333333333336
2022-06-06,30.041666666666668
2022-06-07,37.25
2022-06-08,30.125
2022-06-09,29.041666666666668
2022-06-10,50.958333333333336
2022-06-11,36.625
2022-06-12,39.208333333333336
2022-06-13,51.31578947368421
2022-06-14,50.18181818181818
2022-06-15,44.125
2022-06-16,53.642857142857146
2022-06-28,46.5
2022-06-29,41.041666666666664
2022-06-30,33.708333333333336
2022-07-01,25.458333333333332
2022-07-02,29.25
2022-07-03,33.25
2022-07-04,31.75
2022-07-05,39.04545454545455
2022-07-06,41.583333333333336
2022-07-07,31.625
2022-07-08,36.708333333333336
2022-07-09,33.333333333333336
2022-07-10,31.916666666666668
2022-07-11,29.875
2022-07-12,35.166666666666664
2022-07-13,37.791666666666664
2022-07-14,29.375
2022-07-15,51.5
2022-07-16,39.041666666666664
2022-07-17,35.916666666666664
2022-07-18,33.27777777777778
2022-07-19,35.583333333333336
2022-07-20,47.416666666666664
2022-07-21,55.875
2022-07-22,52.666666666666664
2022-07-23,35.73684210526316
2022-07-25,39.36363636363637
2022-07-26,49.583333333333336
2022-07-27,38.791666666666664
2022-07-28,42.541666666666664
2022-07-29,39.708333333333336
2022-07-30,30.541666666666668
2022-07-31,28.625
2022-08-01,35.458333333333336
2022-08-02,37.916666666666664
2022-08-03,33.69565217391305
2022-08-04,35.291666666666664
2022-08-05,48.416666666666664
2022-08-06,33.916666666666664
2022-08-07,28.333333333333332
2022-08-08,31.458333333333332
2022-08-09,35.5
2022-08-10,35.5
2022-08-11,36.25
2022-08-12,37.916666666666664
2022-08-13,44.208333333333336
2022-08-14,54.5
2022-08-15,34.416666666666664
2022-08-16,39.75
2022-08-17,37.916666666666664
2022-08-18,22.375
2022-08-19,20.5
2022-08-20,19.166666666666668
2022-08-21,21.75
2022-08-22,36.476190476190474
2022-08-23,27.875
2022-08-24,27.041666666666668
2022-08-25,25.416666666666668
2022-08-26,25.708333333333332
2022-08-27,26.166666666666668
2022-08-28,24.125
2022-08-29,27.791666666666668
2022-08-30,37.083333333333336
2022-08-31,35.125
2022-09-01,28.0
2022-09-02,38.125
2022-09-03,32.833333333333336
2022-09-04,38.083333333333336
2022-09-05,41.25
2022-09-06,60.5
2022-09-07,46.458333333333336
2022-09-08,34.708333333333336
2022-09-09,33.083333333333336
2022-09-10,25.458333333333332
2022-09-11,26.541666666666668
2022-09-12,36.041666666666664
2022-09-13,34.666666666666664
2022-09-14,43.041666666666664
2022-09-15,34.25
2022-09-16,28.25
2022-09-17,24.875
2022-09-18,23.166666666666668
2022-09-19,31.681818181818183
2022-09-20,33.0
2022-09-21,32.375
2022-09-22,38.0
2022-09-23,44.583333333333336
2022-09-24,16.708333333333332
2022-09-25,16.958333333333332
2022-09-26,18.375
2022-09-27,26.416666666666668
2022-09-28,24.875
2022-09-29,21.88235294117647
2022-09-30,27.333333333333332
2022-10-01,26.125
2022-10-02,31.25
2022-10-03,41.125
2022-10-04,29.0
2022-10-05,37.875
2022-10-06,34.625
2022-10-07,29.916666666666668
2022-10-08,23.291666666666668
2022-10-09,32.583333333333336
2022-10-10,33.833333333333336
2022-10-11,31.833333333333332
2022-10-12,27.458333333333332
2022-10-13,34.666666666666664
2022-10-14,42.375
2022-10-15,31.75
2022-10-16,33.791666666666664
2022-10-17,40.375
2022-10-18,71.08333333333333
2022-10-19,88.83333333333333
2022-10-20,82.66666666666667
2022-10-21,66.91304347826087
2022-10-22,29.708333333333332
2022-10-23,60.708333333333336
2022-10-24,50.294117647058826
2022-10-25,75.125
2022-10-26,94.625
2022-10-27,60.791666666666664
2022-10-28,52.583333333333336
2022-10-29,57.208333333333336
2022-10-30,64.8695652173913
2022-10-31,66.29166666666667
2022-11-01,34.291666666666664
2022-11-02,35.791666666666664
2022-11-03,40.2
2022-11-04,42.291666666666664
2022-11-05,33.958333333333336
2022-11-06,41.333333333333336
2022-11-07,45.458333333333336
2022-11-08,51.833333333333336
2022-11-09,53.0
2022-11-10,23.541666666666668
2022-11-11,31.958333333333332
2022-11-12,28.458333333333332
2022-11-13,27.375
2022-11-14,36.5
2022-11-15,43.583333333333336
2022-11-16,22.523809523809526
2022-11-17,28.958333333333332
2022-11-18,29.083333333333332
2022-11-19,17.125
2022-11-20,24.125
2022-11-21,26.583333333333332
2022-11-22,25.5
2022-11-23,36.416666666666664
2022-11-24,45.833333333333336
2022-11-25,34.083333333333336
2022-11-26,27.208333333333332
2022-11-27,30.791666666666668
2022-11-28,25.125
2022-11-29,24.625
2022-11-30,35.333333333333336
2022-12-01,25.904761904761905
2022-12-02,31.916666666666668
2022-12-03,30.0
2022-12-04,15.791666666666666
2022-12-05,29.75
2022-12-06,24.166666666666668
2022-12-07,48.333333333333336
2022-12-08,36.916666666666664
2022-12-09,24.958333333333332
2022-12-10,13.375
2022-12-11,17.666666666666668
2022-12-12,19.0
2022-12-13,50.625
2022-12-14,25.208333333333332
2022-12-15,24.916666666666668
2022-12-16,21.541666666666668
2022-12-17,22.041666666666668
2022-12-18,27.041666666666668
2022-12-19,38.041666666666664
2022-12-20,36.8
2022-12-21,29.083333333333332
2022-12-22,27.833333333333332
2022-12-23,19.25
2022-12-24,22.25
2022-12-25,25.333333333333332
2022-12-26,37.125
2022-12-27,45.0
2022-12-28,40.416666666666664
2022-12-29,49.333333333333336
2022-12-30,30.857142857142858
2022-12-31,32.916666666666664
2023-01-01,48.166666666666664
2023-01-02,70.08333333333333
2023-01-03,40.041666666666664
2023-01-04,41.541666666666664
2023-01-05,45.583333333333336
2023-01-06,25.583333333333332
2023-01-07,28.0
2023-01-08,24.625
2023-01-09,20.833333333333332
2023-01-10,30.125
2023-01-11,44.041666666666664
2023-01-12,34.666666666666664
2023-01-13,52.291666666666664
2023-01-14,36.041666666666664
2023-01-15,20.25
2023-01-16,19.5
2023-01-17,41.7
2023-01-18,22.125
2023-01-19,17.416666666666668
2023-01-20,32.666666666666664
2023-01-21,18.375
2023-01-22,26.666666666666668
2023-01-23,39.833333333333336
2023-01-24,26.791666666666668
2023-01-25,34.0
2023-01-26,35.958333333333336
2023-01-27,40.666666666666664
2023-01-28,24.875
2023-01-29,23.5
2023-01-30,38.708333333333336
2023-01-31,45.416666666666664
2023-02-01,60.0
2023-02-02,48.875
2023-02-03,75.20833333333333
2023-02-04,67.625
2023-02-05,43.75
2023-02-06,32.125
2023-02-07,27.583333333333332
2023-02-08,24.875
2023-02-09,27.0
2023-04-19,64.08333333333333
2023-04-20,45.291666666666664
2023-04-21,34.875
2023-04-22,37.166666666666664
2023-04-23,41.333333333333336
2023-04-24,28.625
2023-04-25,33.125
2023-04-26,32.625
2023-04-27,36.458333333333336
2023-04-28,35.958333333333336
2023-04-29,30.625
2023-04-30,14.791666666666666
2023-05-01,13.0
2023-05-02,19.208333333333332
2023-05-03,23.125
2023-05-04,21.75
2023-05-05,22.416666666666668
2023-05-06,21.75
2023-05-07,14.541666666666666
2023-05-08,21.583333333333332
2023-05-09,34.375
2023-05-10,21.708333333333332
2023-05-11,16.5
2023-05-12,12.333333333333334
2023-05-13,11.208333333333334
2023-05-14,12.958333333333334
2023-05-15,20.375
2023-05-16,20.166666666666668
2023-05-17,21.125
2023-05-18,22.916666666666668
2023-05-19,20.625
2023-05-20,13.791666666666666
2023-05-21,15.291666666666666
2023-05-22,19.375
2023-05-23,25.708333333333332
2023-05-24,28.625
2023-05-25,14.958333333333334
2023-05-26,24.583333333333332
2023-05-27,35.958333333333336
2023-05-28,33.875
2023-05-29,36.916666666666664
2023-05-30,33.041666666666664
2023-05-31,23.541666666666668
2023-06-01,20.75
2023-06-02,30.583333333333332
2023-06-03,21.666666666666668
2023-06-04,17.5
2023-06-05,17.291666666666668
2023-06-06,20.416666666666668
2023-06-07,16.958333333333332
2023-06-08,18.791666666666668
2023-06-09,29.791666666666668
2023-06-10,23.166666666666668
2023-06-11,19.75
2023-06-12,14.041666666666666
2023-06-13,17.714285714285715
2023-06-14,19.541666666666668
2023-06-15,24.666666666666668
2023-06-16,34.833333333333336
2023-06-17,24.583333333333332
2023-06-18,19.458333333333332
2023-06-19,29.041666666666668
2023-06-20,39.458333333333336
2023-06-21,46.625
2023-06-22,32.791666666666664
2023-06-23,31.25
2023-06-24,29.041666666666668
2023-06-25,20.416666666666668
2023-06-26,28.208333333333332
2023-06-27,22.458333333333332
2023-06-28,26.5
2023-06-29,27.333333333333332
2023-06-30,19.208333333333332
2023-07-01,17.625
2023-07-02,14.541666666666666
2023-07-03,21.416666666666668
2023-07-04,18.0
2023-07-05,17.166666666666668
2023-07-06,14.833333333333334
2023-07-07,19.791666666666668
2023-07-08,25.291666666666668
2023-07-09,27.333333333333332
2023-07-10,37.291666666666664
2023-07-11,64.83333333333333
2023-07-12,40.916666666666664
2023-07-13,32.541666666666664
2023-07-14,27.083333333333332
2023-07-15,20.083333333333332
2023-07-16,15.666666666666666
2023-07-17,19.5
2023-07-18,39.666666666666664
2023-07-19,39.541666666666664
2023-07-20,31.3
2023-07-21,27.5
2023-07-22,20.375
2023-07-23,26.0
2023-07-24,28.82608695652174
2023-07-25,36.083333333333336
2023-07-26,23.75
2023-07-27,26.304347826086957
2023-07-28,17.875
2023-07-29,16.291666666666668
2023-07-30,14.208333333333334
2023-07-31,19.083333333333332
2023-08-01,26.166666666666668
2023-08-02,30.0
2023-08-03,19.333333333333332
2023-08-04,16.833333333333332
2023-08-05,14.833333333333334
2023-08-06,19.25
2023-08-07,22.208333333333332
2023-08-08,24.791666666666668
2023-08-09,19.583333333333332
2023-08-10,20.958333333333332
2023-08-11,25.5
2023-08-12,20.666666666666668
2023-08-13,20.666666666666668
2023-08-14,16.875
2023-08-15,16.125
2023-08-16,19.416666666666668
2023-08-17,21.458333333333332
2023-08-18,27.791666666666668
2023-08-19,34.625
2023-08-20,37.583333333333336
2023-08-21,45.416666666666664
2023-08-22,38.875
2023-08-23,46.166666666666664
2023-08-24,38.916666666666664
2023-08-25,25.583333333333332
2023-08-26,25.0
2023-08-27,17.708333333333332
2023-08-28,14.416666666666666
2023-08-29,13.083333333333334
2023-08-30,17.416666666666668
2023-08-31,15.157894736842104
2023-09-01,13.5
2023-09-02,14.0
2023-09-03,15.583333333333334
2023-09-04,20.916666666666668
2023-09-05,21.333333333333332
2023-09-06,21.208333333333332
2023-09-07,18.458333333333332
2023-09-08,22.958333333333332
2023-09-09,21.791666666666668
2023-09-10,15.875
2023-09-11,14.041666666666666
2023-09-12,20.083333333333332
2023-09-13,19.625
2023-09-14,17.5
2023-09-15,14.272727272727273
2023-09-16,17.833333333333332
2023-09-17,65.79166666666667
2023-09-18,41.041666666666664
2023-09-19,18.458333333333332
2023-09-20,14.541666666666666
2023-09-21,22.75
2023-09-22,12.333333333333334
2023-09-23,9.416666666666666
2023-09-24,10.416666666666666
2023-09-25,11.583333333333334
2023-09-26,18.708333333333332
2023-09-27,20.416666666666668
2023-09-28,16.958333333333332
2023-09-29,27.458333333333332
2023-09-30,25.416666666666668
2023-10-01,23.375
2023-10-02,26.875
2023-10-03,19.166666666666668
2023-10-04,32.083333333333336
2023-10-05,29.0
2023-10-06,38.125
2023-10-07,33.833333333333336
2023-10-08,29.833333333333332
2023-10-09,33.391304347826086
2023-10-10,33.666666666666664
2023-10-11,25.416666666666668
2023-10-12,20.708333333333332
2023-10-13,28.166666666666668
2023-10-14,31.083333333333332
2023-10-15,27.208333333333332
2023-10-16,16.625
2023-10-17,23.666666666666668
2023-10-18,36.291666666666664
2023-10-19,31.916666666666668
2023-10-20,16.541666666666668
2023-10-21,8.375
2023-10-22,9.416666666666666
2023-10-23,38.708333333333336
2023-10-24,14.958333333333334
2023-10-25,16.625
2023-10-26,27.416666666666668
2023-10-27,23.541666666666668
2023-10-28,14.125
2023-10-29,18.08695652173913
2023-10-30,27.083333333333332
2023-10-31,17.416666666666668
2023-11-01,14.875
2023-11-02,31.333333333333332
2023-11-03,19.333333333333332
2023-11-04,18.791666666666668
2023-11-05,13.083333333333334
2023-11-06,17.625
2023-11-07,20.541666666666668
2023-11-08,24.583333333333332
2023-11-09,23.416666666666668
2023-11-10,24.5
2023-11-11,17.916666666666668
2023-11-12,16.041666666666668
2023-11-13,35.791666666666664
2023-11-14,32.791666666666664
2023-11-15,24.208333333333332
2023-11-16,39.0
2023-11-17,27.75
2023-11-18,24.416666666666668
2023-11-19,30.375
2023-11-20,42.714285714285715
2023-11-21,34.125
2023-11-22,22.208333333333332
2023-11-23,32.083333333333336
2023-11-24,47.75
2023-11-25,31.041666666666668
2023-11-26,23.458333333333332
2023-11-27,45.291666666666664
2023-11-28,26.541666666666668
2023-11-29,32.5
2023-11-30,38.291666666666664
2023-12-01,26.958333333333332
2023-12-02,14.916666666666666
2023-12-03,13.583333333333334
2023-12-04,24.25
2023-12-05,19.9
2023-12-06,20.875
2023-12-07,27.916666666666668
2023-12-08,14.0
2023-12-09,15.083333333333334
2023-12-10,18.25
2023-12-11,20.523809523809526
2023-12-12,33.291666666666664
2023-12-13,33.375
2023-12-14,19.291666666666668
2023-12-15,28.916666666666668
2023-12-16,23.25
2023-12-17,25.916666666666668
2023-12-18,55.166666666666664
2023-12-19,53.083333333333336
2023-12-20,45.5
2023-12-21,33.458333333333336
2023-12-22,32.125
2023-12-23,18.458333333333332
2023-12-24,18.041666666666668
2023-12-25,30.208333333333332
2023-12-26,32.958333333333336
2023-12-27,35.73913043478261
2023-12-28,42.958333333333336
2023-12-29,44.375
2023-12-30,44.5
2023-12-31,31.291666666666668
2024-01-01,29.625
2024-01-02,37.25
2024-01-03,40.375
2024-01-04,34.625
2024-01-05,21.541666666666668
2024-01-06,6.5
2024-01-07,6.833333333333333
2024-01-08,17.208333333333332
2024-01-09,21.541666666666668
2024-01-10,20.666666666666668
2024-01-11,16.333333333333332
2024-01-12,18.083333333333332
2024-01-13,20.25
2024-01-14,17.791666666666668
2024-01-15,21.458333333333332
2024-01-16,37.625
2024-01-17,28.416666666666668
2024-01-18,29.0
2024-01-19,13.458333333333334
2024-01-20,19.916666666666668
2024-01-21,21.75
2024-01-22,22.541666666666668
2024-01-23,29.708333333333332
2024-01-24,41.583333333333336
2024-01-25,54.958333333333336
2024-01-26,54.625
2024-01-27,49.666666666666664
2024-01-28,28.166666666666668
2024-01-29,23.958333333333332
2024-01-30,23.25
2024-01-31,28.958333333333332
2024-02-01,47.875
2024-02-02,49.958333333333336
2024-02-03,34.833333333333336
2024-02-04,33.916666666666664
2024-02-05,46.75
2024-02-06,37.458333333333336
2024-02-07,52.333333333333336
2024-02-08,44.75
2024-02-09,34.541666666666664
2024-02-10,15.75
2024-02-11,10.0
2024-02-12,16.041666666666668
2024-02-13,19.375
2024-02-14,35.458333333333336
2024-02-15,29.708333333333332
2024-02-16,19.916666666666668
2024-02-17,12.083333333333334
2024-02-18,13.916666666666666
2024-02-19,31.166666666666668
2024-02-20,34.583333333333336
2024-02-21,27.291666666666668
2024-02-22,37.875
2024-02-23,19.166666666666668
2024-02-24,8.458333333333334
2024-02-25,13.25
2024-02-26,21.875
2024-02-27,16.166666666666668
2024-02-28,20.125
2024-02-29,21.736842105263158
2024-03-01,16.875
2024-03-02,23.75
2024-03-03,9.041666666666666
2024-03-04,15.5
2024-03-05,20.75
2024-03-06,19.375
2024-03-07,18.458333333333332
2024-03-08,17.666666666666668
2024-03-09,18.041666666666668
2024-03-10,6.75
2024-03-11,9.958333333333334
2024-03-12,14.625
2024-03-13,24.125
2024-03-14,21.708333333333332
2024-03-15,27.083333333333332
2024-03-16,36.791666666666664
2024-03-17,34.125
2024-03-18,40.3
2024-03-19,30.416666666666668
2024-03-20,19.583333333333332
2024-03-21,21.375
2024-03-22,50.875
2024-03-23,32.333333333333336
2024-03-24,19.541666666666668
2024-03-25,15.375
2024-03-26,11.583333333333334
2024-03-27,14.333333333333334
2024-03-28,20.791666666666668
2024-03-29,36.041666666666664
2024-03-30,14.708333333333334
2024-03-31,14.73913043478261
2024-04-01,5.541666666666667
2024-04-02,9.208333333333334
2024-04-03,16.791666666666668
2024-04-04,25.291666666666668
2024-04-05,23.166666666666668
2024-04-06,21.708333333333332
2024-04-07,28.541666666666668
2024-04-08,36.5
2024-04-09,21.25
2024-04-10,16.583333333333332
2024-04-11,23.25
2024-04-12,37.833333333333336
2024-04-13,37.5
2024-04-14,38.625
2024-04-15,40.125
2024-04-16,26.666666666666668
2024-04-17,20.791666666666668
2024-04-18,17.708333333333332
2024-04-19,30.583333333333332
2024-04-20,20.0
2024-04-21,21.208333333333332
2024-04-22,14.5
2024-04-23,13.25
2024-04-24,18.041666666666668
2024-04-25,16.041666666666668
2024-04-26,14.041666666666666
2024-04-27,21.666666666666668
2024-04-28,19.5
2024-04-29,16.375
2024-04-30,15.291666666666666
2024-05-01,15.625
2024-05-02,13.875
2024-05-03,16.541666666666668
2024-05-04,17.0
2024-05-05,18.666666666666668
2024-05-06,18.333333333333332
2024-05-07,12.958333333333334
2024-05-08,17.166666666666668
2024-05-09,14.75
2024-05-10,24.583333333333332
2024-05-11,18.083333333333332
2024-05-12,18.958333333333332
2024-05-13,16.416666666666668
2024-05-14,14.416666666666666
2024-05-15,11.166666666666666
2024-05-16,11.916666666666666
2024-05-17,18.416666666666668
2024-05-18,18.291666666666668
2024-05-19,14.916666666666666
2024-05-20,12.833333333333334
2024-05-21,16.0
2024-05-22,13.416666666666666
2024-05-23,11.166666666666666
2024-05-24,11.083333333333334
2024-05-25,13.125
2024-05-26,15.666666666666666
2024-05-27,17.291666666666668
2024-05-28,26.041666666666668
2024-05-29,24.625
2024-05-30,19.666666666666668
2024-05-31,17.545454545454547
2024-06-03,21.636363636363637
2024-06-04,14.166666666666666
2024-06-05,16.583333333333332
2024-06-06,22.916666666666668
2024-06-07,21.25
2024-06-08,29.375
2024-06-09,27.166666666666668
2024-06-10,20.458333333333332
2024-06-11,16.875
2024-06-12,10.916666666666666
2024-06-13,11.416666666666666
2024-06-14,17.541666666666668
2024-06-15,17.208333333333332
2024-06-16,12.625
2024-06-17,20.708333333333332
2024-06-18,32.125
2024-06-19,34.666666666666664
2024-06-20,41.916666666666664
2024-06-21,22.375
2024-06-22,11.541666666666666
2024-06-23,18.041666666666668
2024-06-24,18.0
2024-06-25,19.5
2024-06-26,15.0
2024-06-27,15.958333333333334
2024-06-28,20.0
2024-06-29,17.25
2024-06-30,14.291666666666666
2024-07-01,17.875
2024-07-02,18.291666666666668
2024-07-03,17.666666666666668
2024-07-04,18.5
2024-07-05,17.041666666666668
2024-07-06,14.916666666666666
2024-07-07,13.25
2024-07-08,19.041666666666668
2024-07-09,21.666666666666668
2024-07-10,28.916666666666668
2024-07-11,35.833333333333336
2024-07-12,28.833333333333332
2024-07-13,14.583333333333334
2024-07-14,17.875
2024-07-15,28.083333333333332
2024-07-16,21.375
2024-07-17,22.083333333333332
2024-07-18,25.291666666666668
2024-07-19,25.208333333333332
2024-07-20,28.25
2024-07-21,29.083333333333332
2024-07-22,25.0
2024-07-23,23.708333333333332
2024-07-24,26.416666666666668
2024-07-25,19.416666666666668
2024-07-26,21.958333333333332
2024-07-27,18.25
2024-07-28,20.5
2024-07-29,33.5
2024-07-30,48.708333333333336
2024-07-31,40.625
2024-08-01,36.125
2024-08-02,42.958333333333336
2024-08-03,22.583333333333332
2024-08-04,24.791666666666668
2024-08-05,26.125
2024-08-06,24.208333333333332
2024-08-07,22.916666666666668
2024-08-08,20.708333333333332
2024-08-09,22.166666666666668
2024-08-10,20.291666666666668
2024-08-11,16.875
2024-08-12,17.541666666666668
2024-08-13,23.083333333333332
2024-08-14,21.208333333333332
2024-08-15,11.041666666666666
2024-08-16,17.75
2024-08-17,17.041666666666668
2024-08-18,14.458333333333334
2024-08-19,20.416666666666668
2024-08-20,32.166666666666664
2024-08-21,37.125
2024-08-22,39.208333333333336
2024-08-23,36.375
2024-08-24,28.166666666666668
2024-08-25,18.166666666666668
2024-08-26,19.0
2024-08-27,23.0
2024-08-28,21.833333333333332
2024-08-29,19.916666666666668
2024-08-30,21.208333333333332
2024-08-31,17.666666666666668
2024-09-01,21.041666666666668
2024-09-02,18.57894736842105
2024-09-03,25.458333333333332
2024-09-04,19.0
2024-09-05,11.708333333333334
2024-09-06,15.916666666666666
2024-09-07,20.625
2024-09-08,14.083333333333334
2024-09-09,11.916666666666666
2024-09-10,19.5
2024-09-11,18.958333333333332
2024-09-12,19.458333333333332
2024-09-13,15.5
2024-09-14,14.0
2024-09-15,15.583333333333334
2024-09-16,25.0
2024-09-17,23.875
2024-09-18,12.916666666666666
2024-09-19,13.333333333333334
2024-09-20,12.333333333333334
2024-09-21,11.666666666666666
2024-09-22,12.541666666666666
2024-09-23,15.791666666666666
2024-09-24,18.791666666666668
2024-09-25,22.083333333333332
2024-09-26,27.25
2024-09-27,17.041666666666668
2024-09-28,10.458333333333334
2024-09-29,11.25
2024-09-30,18.333333333333332
2024-10-01,18.125
2024-10-02,18.291666666666668
2024-10-03,11.083333333333334
2024-10-04,13.666666666666666
2024-10-05,15.166666666666666
2024-10-06,18.208333333333332
2024-10-07,34.333333333333336
2024-10-08,10.958333333333334
2024-10-09,25.416666666666668
2024-10-10,10.869565217391305
2024-10-11,15.375
2024-10-12,18.875
2024-10-13,15.833333333333334
2024-10-14,19.666666666666668
2024-10-15,22.083333333333332
2024-10-16,42.166666666666664
2024-10-17,19.833333333333332
2024-10-18,11.833333333333334
2024-10-19,15.208333333333334
2024-10-20,15.083333333333334
2024-10-21,17.916666666666668
2024-10-22,17.666666666666668
2024-10-23,17.583333333333332
2024-10-24,27.916666666666668
2024-10-25,23.375
2024-10-26,9.583333333333334
2024-10-27,10.478260869565217
2024-10-28,17.416666666666668
2024-10-29,20.208333333333332
2024-10-30,23.5
2024-10-31,25.083333333333332
2024-11-01,27.75
2024-11-02,24.333333333333332
2024-11-03,27.0
2024-11-04,28.5
2024-11-05,33.208333333333336
2024-11-06,22.75
2024-11-07,21.333333333333332
2024-11-08,21.583333333333332
2024-11-09,22.041666666666668
2024-11-10,14.625
2024-11-11,20.791666666666668
2024-11-12,17.583333333333332
2024-11-13,14.583333333333334
2024-11-14,22.333333333333332
2024-11-15,22.625
2024-11-16,21.333333333333332
2024-11-17,30.0
2024-11-18,32.708333333333336
2024-11-19,35.041666666666664
2024-11-20,27.166666666666668
2024-11-21,17.916666666666668
2024-11-22,17.083333333333332
2024-11-23,27.333333333333332
2024-11-24,21.0
2024-11-25,76.79166666666667
2024-11-26,24.375
2024-11-27,20.25
2024-11-28,30.875
2024-11-29,19.94736842105263
2024-11-30,30.5
2024-12-01,42.958333333333336
2024-12-02,34.25
2024-12-03,23.434782608695652
2024-12-04,22.083333333333332
2024-12-05,19.791666666666668
2024-12-06,21.5
2024-12-07,20.791666666666668
2024-12-08,7.291666666666667
2024-12-09,15.416666666666666
2024-12-10,13.125
2024-12-11,12.333333333333334
2024-12-12,10.333333333333334
2024-12-13,14.291666666666666
2024-12-14,20.625
2024-12-15,14.25
2024-12-16,18.666666666666668
2024-12-17,17.75
2024-12-18,30.291666666666668
2024-12-19,69.34782608695652
2024-12-20,13.25
2024-12-21,11.541666666666666
2024-12-22,11.041666666666666
2024-12-23,26.583333333333332
2024-12-24,19.583333333333332
2024-12-25,21.375
2024-12-26,18.125
2024-12-27,31.666666666666668
2024-12-28,26.5
2024-12-29,27.625
2024-12-30,31.916666666666668
2024-12-31,34.958333333333336
