domain,origin,n_train,best_order,best_aic,aic_200,delta_aic_200,rank_200,n_models,adf_p
wind,264,216,"(1, 0, 0)",966.3206784261946,967.973860680853,1.653182254658418,5,21,0.3460741479448171
wind,720,672,"(2, 0, 1)",3204.0506177343223,3212.258349285946,8.207731551623965,9,20,9.853839323768447e-08
wind,1152,720,"(1, 0, 1)",3788.8652602614798,3789.472053893348,0.6067936318681859,2,21,1.7855246478642127e-09
wind,1608,720,"(1, 0, 1)",3497.571170538175,3498.6046164346235,1.0334458964484838,2,21,1.2082354006657221e-08
wind,2040,720,"(2, 0, 2)",2968.2177461415486,3002.512714280476,34.29496813892729,14,21,0.012857709513640975
wind,2496,720,"(1, 0, 4)",3060.3337761887055,3069.79128729177,9.457511103064462,4,21,0.06211075618357601
wind,2928,720,"(2, 0, 1)",3320.956188167923,3332.1818663404183,11.225678172495464,14,21,2.0005012741454228e-08
wind,3384,720,"(1, 0, 1)",3155.751563133844,3156.305654326493,0.554091192649139,2,21,4.2577707431690266e-17
wind,3840,720,"(1, 0, 1)",3083.146319364619,3083.411846426313,0.26552706169377416,2,21,7.015209662004307e-15
wind,4272,720,"(1, 0, 0)",3327.8376615437332,3329.3675570966498,1.5298955529165141,3,20,6.793395845043059e-25
wind,4728,720,"(1, 0, 0)",3344.1273032575436,3344.3601217307964,0.2328184732527916,3,21,1.4454449176361762e-24
wind,5160,720,"(2, 0, 3)",3241.37951323116,3249.5675326214327,8.18801939027253,9,21,2.917560897269875e-16
wind,5616,720,"(2, 0, 3)",3355.7382378385764,3366.96685024496,11.22861240638349,3,20,5.956795882717805e-23
wind,6072,720,"(1, 0, 0)",3198.337521851165,3199.7880380518823,1.4505162007171748,4,20,1.762885698895309e-14
wind,6504,720,"(1, 0, 0)",3231.1081936456508,3231.595848226779,0.4876545811280266,5,21,2.283338495975282e-22
wind,6960,720,"(5, 0, 0)",3165.6524886300413,3177.2298193282686,11.577330698227343,10,20,7.141989153496331e-05
wind,7392,720,"(1, 0, 2)",3117.634089251331,3128.109779702817,10.475690451486116,14,21,3.4617203827655254e-06
wind,7848,720,"(1, 0, 0)",2870.5927093281907,2872.560137728943,1.9674284007523966,8,20,5.039410635864667e-16
wind,8280,720,"(3, 0, 2)",3410.564090217424,3415.9379420323235,5.3738518148993535,14,21,1.5224114609159282e-06
wind,8736,720,"(4, 0, 0)",2979.549341910563,3008.7091318371567,29.15978992659393,13,21,7.137194327639841e-08
traffic,264,216,"(1, 0, 1)",1690.819688357708,1690.8457085600144,0.026020202306426654,2,21,5.0080800268182466e-05
traffic,408,360,"(1, 0, 0)",2754.656466073021,2756.6545875465235,1.9981214735025787,3,21,6.374495239395297e-12
traffic,528,480,"(1, 0, 0)",3776.4173509900247,3778.416898466886,1.999547476861153,5,21,9.222621671654839e-16
traffic,672,624,"(1, 0, 4)",4888.032529641381,4897.954813306209,9.922283664827773,11,20,0.0001214081195202462
traffic,816,720,"(1, 0, 4)",5619.668324886129,5630.767732166019,11.099407279890329,13,21,1.560370547816137e-07
traffic,936,720,"(1, 0, 3)",5682.7478707783575,5716.493713108304,33.745842329946754,14,21,0.00043789770252713827
traffic,1080,720,"(3, 0, 1)",5711.575924034737,5742.492392559957,30.916468525219898,14,21,7.782052098128316e-06
traffic,1200,720,"(1, 0, 3)",5743.169939667014,5776.467653313082,33.29771364606859,14,21,7.933351789616801e-07
traffic,1344,720,"(4, 0, 0)",5679.413145351782,5720.122193711172,40.70904835939018,14,21,1.453897420307572e-07
traffic,1488,720,"(4, 0, 0)",5592.103421638207,5623.144678746509,31.04125710830249,14,21,5.93324838584364e-08
traffic,1608,720,"(3, 0, 1)",5577.870606742159,5590.687099278915,12.816492536756414,14,21,3.1428058159053966e-10
traffic,1752,720,"(1, 0, 3)",5444.979045834842,5449.945064097137,4.96601826229562,14,21,1.628122516850114e-13
traffic,1896,720,"(3, 0, 2)",5455.450697921253,5456.695642634042,1.24494471278922,5,21,1.0994761150988087e-12
traffic,2016,720,"(1, 0, 1)",5370.652102455024,5375.199766073665,4.547663618641309,13,21,1.0458351494550918e-17
traffic,2160,720,"(3, 0, 1)",5344.323569409244,5412.808728869191,68.48515945994768,14,21,0.8696947388165537
traffic,2280,720,"(3, 0, 1)",5479.34331292438,5532.095952667603,52.75263974322297,14,21,0.031562351484463874
traffic,2424,720,"(3, 0, 1)",5611.13270302474,5644.796997175885,33.66429415114453,14,21,0.0006307918176164375
traffic,2568,720,"(2, 0, 2)",5593.876520455754,5632.633671321964,38.757150866210395,14,21,0.03393558350440324
traffic,2688,720,"(2, 0, 2)",5731.800047964751,5760.3986897921895,28.59864182743877,14,21,2.4490030292496905e-05
traffic,2832,720,"(2, 0, 2)",5737.096168494188,5764.578086436197,27.481917942009204,14,21,1.7105370381936426e-08
