horizon,baseline_mae,model_mae,skill
1,2.288728813559322,2.1334669251049245,0.06783760816684159
2,2.857598870056497,2.4120390044408206,0.15592106725842425
3,2.9680508474576275,2.445093283007319,0.17619562174895476
4,3.1215254237288135,2.5638715582470004,0.17864786916124764
5,3.0523446327683614,2.557076142191206,0.16225837844790347
6,3.2521751412429376,2.67003028746884,0.1790016922494555
7,3.226638418079096,2.5580098127883604,0.20722142324481096
8,3.417711864406779,2.639136601954519,0.2278059980891337
9,3.4322881355932204,2.6587915772496498,0.2253588649281285
10,3.305536723163842,2.580075500199219,0.21946851108350707
11,3.3940960451977396,2.590577089055525,0.23674019398452284
12,3.530084745762712,2.690675937605805,0.23778715487340052
13,3.6894067796610175,2.844756861271744,0.22893922216592222
14,3.695254237288136,2.99316649933712,0.18999714035001347
15,3.7450282485875714,3.0232051945761413,0.19274168473459818
16,3.7537288135593223,3.0877827240930604,0.1774092169526773
17,3.6387570621468925,2.994991517010172,0.17691907817470343
18,3.506883852691218,2.8446611792451613,0.18883507446015368
19,3.511076487252125,2.8050395622970177,0.20108844894679956
20,3.436090651558074,2.849281275469201,0.17077819987746468
21,3.5632861189801703,2.9889319998711796,0.16118664062637034
22,3.5230594900849854,3.0827457259198194,0.12498050782405168
23,3.388158640226629,2.8955191627450625,0.14540035747812985
24,3.4781534090909094,2.76060365679954,0.20630192745837417
25,3.6994034090909085,2.8882117910969374,0.2192763341247267
26,3.724261363636364,2.750756529386193,0.26139541218977236
27,3.7190625,2.721472863267234,0.26823685720064294
28,3.7423863636363635,2.708318207838048,0.27631250633180027
29,3.6588352272727267,2.8149285732791354,0.2306489911606744
30,3.7294318181818182,2.8289810777223097,0.24144448386738404
31,3.803153409090909,2.7021293173948524,0.2895029396038066
32,3.8552556818181825,2.7613804608255337,0.28373610242025893
33,3.7969886363636363,2.76526188225088,0.27172237078403205
34,3.6268181818181815,2.696088006221743,0.25662443743729346
35,3.6338352272727277,2.6852095803592975,0.2610535667092958
36,3.8380965909090907,2.7587873637449776,0.28120950101166375
37,4.030710227272727,2.925970398081367,0.2740806872487216
38,4.265028409090909,3.0672504498927293,0.2808370412363762
39,4.271761363636364,3.0985254419294845,0.2746492188665134
40,4.226221590909091,3.1500017948275274,0.25465295014265
41,4.003352272727272,3.0323259652466676,0.24255330066646763
42,3.8521937321937325,2.8714987381506556,0.2545809121299293
43,3.8798290598290603,2.8361328548202653,0.26900571878668766
44,3.839145299145299,2.8682355937471935,0.25289735859027196
45,3.8662393162393167,3.0080609062721355,0.22196722441949857
46,4.026438746438747,3.1001912857838665,0.23004136384146312
47,3.876381766381767,2.9102501584123326,0.2492354123498074
48,3.904742857142857,2.768584292338747,0.2909688566881583
