comment_id,source,reviewer_comment,response_status,planned_response,manuscript_change,section,page_lines,evidence,verification_status
E1,decision_text,Accurate reporting and full limitations,PROVISIONAL,Distinguish reproduced numbers from temporal validity,Correct methods and narrow unsupported claims,Methods; Discussion; Limitations,PENDING_CANONICAL_VERSION,docs/dmkd_revision_status_2026-09-30.md,BLOCKED_SCIENTIFIC_GATES
E2,decision_text,Response PDF and clean manuscript plus changed files,PROVISIONAL,Provide local drafts without submission claim,Prepare clean build and recoverable diff,Package,PENDING_CANONICAL_VERSION,src/build_dmkd_review_package.py,PENDING_FINAL_SYNC
R1.1,local_reviewer1_text,Colon before relaxed and strict definitions,DRAFTED,Both labels use colons,Local punctuation correction,Operational definitions,PENDING_CANONICAL_VERSION,paper/paper2_submission.tex,VERIFIED_SOURCE
R1.2,local_reviewer1_text,Equation includes nonpositive intermediate steps,DRAFTED,Explicit span and gap subset preserve descriptor,Clarify equation without changing Hstar,Operational definitions,PENDING_CANONICAL_VERSION,src/compute_hstar.py,VERIFIED_SOURCE
R1.3,local_reviewer1_text,Clarify relaxed span with PM25 and Traffic,DRAFTED,Endpoint does not imply all previous steps useful,Add explicit span versus skill distinction,Operational definitions; Actionability,PENDING_CANONICAL_VERSION,paper/paper2_submission.tex,VERIFIED_SOURCE
R1.4,local_reviewer1_text,Consistent units in Table 2,DRAFTED,State target scales without rescaling inputs,Correct PM25 Wind Traffic and Load units,Table 2,PENDING_CANONICAL_VERSION,paper/tables.tex; src/aggregate_uci_electricity.py,VERIFIED_SOURCE
R1.5,local_reviewer1_text,Reference Figures 1 to 3,DRAFTED,Explicit inline references,Keep existing references and complete mapping,Definitions; Protocol; PM25,PENDING_CANONICAL_VERSION,paper/paper2_submission.tex,VERIFIED_SOURCE
R1.6,local_reviewer1_text,Evaluate alternative baselines,PARTIAL,Fixed seasonal persistence on exact unchanged support,Add sensitivity with version-specific values,Sensitivity; Table 4,PENDING_CANONICAL_VERSION,results/dmkd_revision_audit_2026-09-30/hstar_sensitivity.csv; recovered_revision_verification.json,BLOCKED_VERSION_AND_PM25_CALENDAR
R1.7,local_reviewer1_text,Why AR2 and was ACF used,DRAFTED,Withdraw unsupported comparison without inventing rationale,Remove ARIMA claims and numerical rows,Models; Results; Discussion,PENDING_CANONICAL_VERSION,Historical ARIMA files retained; paper/paper2_submission.tex,VERIFIED_WITHDRAWAL_SCOPE
R1.8,local_reviewer1_text,Practical usefulness of relaxed and strict,DRAFTED,Describe reach continuity and interval location,Add bounded practical interpretation,Operational interpretation and actionability,PENDING_CANONICAL_VERSION,paper/paper2_submission.tex,VERIFIED_SOURCE_NOT_DEPLOYMENT
R1.9,local_reviewer1_text,Information beyond fixed horizon accuracy,DRAFTED,Explain onset gaps fragmentation and continuity,Add structural diagnostic explanation,Operational interpretation and actionability,PENDING_CANONICAL_VERSION,paper/paper2_submission.tex,VERIFIED_SOURCE
R1.10,local_reviewer1_text,Dynamic rolling horizons and feedback overfitting,DRAFTED,Frozen historical policy plus independent assessment,Explain adaptive bias and prospective validation,Operational interpretation and actionability,PENDING_CANONICAL_VERSION,paper/paper2_submission.tex,CONCEPTUAL_NO_NEW_CONTROLLER
R2.1,inline_reviewer2_text,Explicit actionability,DRAFTED,Use same bounded practical interpretation,Add subsection and soften deployment claims,Actionability; Conclusion,PENDING_CANONICAL_VERSION,paper/paper2_submission.tex,VERIFIED_SOURCE_NOT_DEPLOYMENT
R2.2,inline_reviewer2_text,Reference Figures 1 and 2,DRAFTED,Explicit inline references,Verify references in prose,Definitions; Protocol,PENDING_CANONICAL_VERSION,paper/paper2_submission.tex,VERIFIED_SOURCE
R2.3,inline_reviewer2_text,Line overlaps Figure 1 text,DRAFTED,Use recovered September protected callouts,Copy conceptual figure only into isolated package,Figure 1,PENDING_CANONICAL_VERSION,revision/recovered_dmkd_bb9c375/paper/revised/fig_hstar_conceptual.pdf,PENDING_COMPILED_VISUAL_QA
R2.4,inline_reviewer2_text,Figure 2 text exceeds boxes,DRAFTED,Use recovered enlarged wrapped boxes,Copy protocol figure only into isolated package,Figure 2,PENDING_CANONICAL_VERSION,revision/recovered_dmkd_bb9c375/paper/revised/fig_rolling_origin_protocol.pdf,PENDING_COMPILED_VISUAL_QA
R2.5,inline_reviewer2_text,Alternative reference beyond persistence,PARTIAL,Same evidence as R1.6 without model refitting,Add baseline sensitivity,Sensitivity; Table 4,PENDING_CANONICAL_VERSION,results/dmkd_revision_audit_2026-09-30/hstar_sensitivity.csv,BLOCKED_VERSION_AND_PM25_CALENDAR
R2.6,inline_reviewer2_text,Single author-controlled data cache,PARTIAL,Local exact archive is not yet public publication,Add one README and checksum manifest plus candid status,Data Availability,PENDING_CANONICAL_VERSION,data/README.md; data/MANIFEST.tsv,BLOCKED_PUBLIC_RELEASE_AND_LICENSES
R2.7,inline_reviewer2_text,Explain ARIMA200 rationale,DRAFTED,Withdraw unsubstantiated comparison as R1.7,Remove ARIMA empirical claims,Models; Results; Discussion,PENDING_CANONICAL_VERSION,paper/paper2_submission.tex,VERIFIED_WITHDRAWAL_SCOPE
