model,horizon,domain_before_x,n_origins_before_x,mae_model_before,mae_baseline_before,skill_before,domain_after_x,n_origins_after_x,mae_model_after,mae_baseline_after,skill_after,domain_before_y,n_origins_before_y,dm_stat_before,p_value_before,p_value_bh_before,significant_bh_before,domain_after_y,n_origins_after_y,dm_stat_after,p_value_after,p_value_bh_after,significant_bh_after
lightgbm,9,traffic,105,11.582820242643018,8.96794249181154,-0.2915805663583453,traffic,105,11.582820242643018,8.96794249181154,-0.2915805663583453,traffic,105,-1.788856845432812,0.07654915117086336,0.3293933171594726,False,traffic,105,-1.788856845432812,0.07654915117086336,0.3293933171594726,False
ridge,9,traffic,105,14.19006884022864,8.96794249181154,-0.5823104188263168,traffic,105,14.19006884022864,8.96794249181154,-0.5823104188263168,traffic,105,-3.1600870149268134,0.0020659852310211946,0.034514106212354075,True,traffic,105,-3.1600870149268134,0.0020659852310211946,0.034514106212354075,True
extratrees,9,traffic,105,11.480714858906525,8.96794249181154,-0.280194968844788,traffic,105,11.480714858906525,8.96794249181154,-0.280194968844788,traffic,105,-1.227883290693606,0.2222625844812287,0.6301357494566565,False,traffic,105,-1.227883290693606,0.2222625844812287,0.6301357494566565,False
lightgbm,33,traffic,104,15.51647130966147,14.73841257122507,-0.05279121714610335,traffic,104,15.51647130966147,14.73841257122507,-0.05279121714610335,traffic,104,-0.37022504918088484,0.711975028685131,0.971347140553261,False,traffic,104,-0.37022504918088484,0.711975028685131,0.971347140553261,False
ridge,33,traffic,104,16.96673699698404,14.73841257122507,-0.15119161680339288,traffic,104,16.96673699698404,14.73841257122507,-0.15119161680339288,traffic,104,-0.7560439698445605,0.4513485061509326,0.8915804127565162,False,traffic,104,-0.7560439698445605,0.4513485061509326,0.8915804127565162,False
extratrees,33,traffic,104,16.997006760022387,14.73841257122507,-0.1532454175700675,traffic,104,16.997006760022387,14.73841257122507,-0.1532454175700675,traffic,104,-0.804273832263306,0.4230912878079771,0.8915804127565162,False,traffic,104,-0.804273832263306,0.4230912878079771,0.8915804127565162,False
lightgbm,57,traffic,103,17.072197431324717,15.640964195818567,-0.09150543518850163,traffic,103,17.072197431324717,15.640964195818567,-0.09150543518850163,traffic,103,-0.2953550637767949,0.7683230410585451,0.971347140553261,False,traffic,103,-0.2953550637767949,0.7683230410585451,0.971347140553261,False
ridge,57,traffic,103,18.323798230103947,15.640964195818567,-0.17152612848526338,traffic,103,18.323798230103947,15.640964195818567,-0.17152612848526338,traffic,103,-0.5752567051322144,0.5663845371369005,0.9575663962014822,False,traffic,103,-0.5752567051322144,0.5663845371369005,0.9575663962014822,False
extratrees,57,traffic,103,17.673700056505883,15.640964195818567,-0.12996231148145876,traffic,103,17.673700056505883,15.640964195818567,-0.12996231148145876,traffic,103,-0.4172504896160718,0.6773721095699776,0.971347140553261,False,traffic,103,-0.4172504896160718,0.6773721095699776,0.971347140553261,False
knn,9,traffic,105,11.148117157974301,8.96794249181154,-0.243107565436937,traffic,105,11.148117157974301,8.96794249181154,-0.243107565436937,traffic,105,-1.1754902596049501,0.24248269826884306,0.6558579648414421,False,traffic,105,-1.1754902596049501,0.24248269826884306,0.6558579648414421,False
mlp,9,traffic,105,14.274879097800964,8.96794249181154,-0.5917674662649866,traffic,105,14.274879097800964,8.96794249181154,-0.5917674662649866,traffic,105,-2.7414019912594814,0.0072033023375877026,0.06361390933580387,False,traffic,105,-2.7414019912594814,0.0072033023375877026,0.06361390933580387,False
knn,33,traffic,104,17.48127162189662,14.73841257122507,-0.186102745965101,traffic,104,17.48127162189662,14.73841257122507,-0.186102745965101,traffic,104,-0.916676822802443,0.3614533563424094,0.8278447838810021,False,traffic,104,-0.916676822802443,0.3614533563424094,0.8278447838810021,False
mlp,33,traffic,104,18.27086068238118,14.73841257122507,-0.23967629445065053,traffic,104,18.27086068238118,14.73841257122507,-0.23967629445065053,traffic,104,-1.6411949613783783,0.10380713558455623,0.3731800823546072,False,traffic,104,-1.6411949613783783,0.10380713558455623,0.3731800823546072,False
knn,57,traffic,103,17.744940797246624,15.640964195818567,-0.1345170652580696,traffic,103,17.744940797246624,15.640964195818567,-0.1345170652580696,traffic,103,-0.32891203320977286,0.7428965418306337,0.971347140553261,False,traffic,103,-0.32891203320977286,0.7428965418306337,0.971347140553261,False
mlp,57,traffic,103,18.46406156897877,15.640964195818567,-0.18049381980651336,traffic,103,18.46406156897877,15.640964195818567,-0.18049381980651336,traffic,103,-0.6939564438664678,0.4892869774716151,0.9178753507982017,False,traffic,103,-0.6939564438664678,0.4892869774716151,0.9178753507982017,False
