csv_line,model,horizon,origin_idx,origin_timestamp,target_idx,target_timestamp,old_y_true,canonical_y_true_csv,canonical_y_true_parsed,absolute_difference,old_abs_error_model,new_abs_error_model,old_abs_error_baseline,new_abs_error_baseline
2597,lightgbm,9,864,2012-04-06,873,2012-04-06 09:00:00,22.25300925925925,22.253009259259258,22.253009259259255,3.552713678800501e-15,22.35390615544492,22.35390615544492,22.25300925925925,22.253009259259255
2598,ridge,9,864,2012-04-06,873,2012-04-06 09:00:00,22.25300925925925,22.253009259259258,22.253009259259255,3.552713678800501e-15,5.164344211192702,5.164344211192706,22.25300925925925,22.253009259259255
2599,extratrees,9,864,2012-04-06,873,2012-04-06 09:00:00,22.25300925925925,22.253009259259258,22.253009259259255,3.552713678800501e-15,21.637645502645515,21.637645502645515,22.25300925925925,22.253009259259255
10106,lightgbm,33,840,2012-04-05,873,2012-04-06 09:00:00,22.25300925925925,22.253009259259258,22.253009259259255,3.552713678800501e-15,47.18917693352692,47.18917693352692,40.21921296296297,40.21921296296297
10107,ridge,33,840,2012-04-05,873,2012-04-06 09:00:00,22.25300925925925,22.253009259259258,22.253009259259255,3.552713678800501e-15,34.61488197667352,34.614881976673516,40.21921296296297,40.21921296296297
10108,extratrees,33,840,2012-04-05,873,2012-04-06 09:00:00,22.25300925925925,22.253009259259258,22.253009259259255,3.552713678800501e-15,41.51254298941804,41.51254298941804,40.21921296296297,40.21921296296297
17543,lightgbm,57,816,2012-04-04,873,2012-04-06 09:00:00,22.25300925925925,22.253009259259258,22.253009259259255,3.552713678800501e-15,37.38644126438113,37.38644126438113,39.820734126984135,39.820734126984135
17544,ridge,57,816,2012-04-04,873,2012-04-06 09:00:00,22.25300925925925,22.253009259259258,22.253009259259255,3.552713678800501e-15,31.82156602697973,31.821566026979735,39.820734126984135,39.820734126984135
17545,extratrees,57,816,2012-04-04,873,2012-04-06 09:00:00,22.25300925925925,22.253009259259258,22.253009259259255,3.552713678800501e-15,36.20673346560848,36.20673346560848,39.820734126984135,39.820734126984135
24133,knn,9,864,2012-04-06 00:00:00,873,2012-04-06 09:00:00,22.253009259259255,22.253009259259258,22.253009259259255,0.0,10.140806878306872,10.140806878306872,22.253009259259255,22.253009259259255
24134,mlp,9,864,2012-04-06 00:00:00,873,2012-04-06 09:00:00,22.253009259259255,22.253009259259258,22.253009259259255,0.0,2.602295689979197,2.602295689979197,22.253009259259255,22.253009259259255
29139,knn,33,840,2012-04-05 00:00:00,873,2012-04-06 09:00:00,22.253009259259255,22.253009259259258,22.253009259259255,0.0,38.57847222222222,38.57847222222222,40.21921296296297,40.21921296296297
29140,mlp,33,840,2012-04-05 00:00:00,873,2012-04-06 09:00:00,22.253009259259255,22.253009259259258,22.253009259259255,0.0,32.590748468760424,32.590748468760424,40.21921296296297,40.21921296296297
34097,knn,57,816,2012-04-04 00:00:00,873,2012-04-06 09:00:00,22.253009259259255,22.253009259259258,22.253009259259255,0.0,41.065370370370374,41.065370370370374,39.820734126984135,39.820734126984135
34098,mlp,57,816,2012-04-04 00:00:00,873,2012-04-06 09:00:00,22.253009259259255,22.253009259259258,22.253009259259255,0.0,31.70796052808193,31.70796052808193,39.820734126984135,39.820734126984135
